{"v":"5.7.1","fr":25,"ip":0,"op":200,"w":1000,"h":1000,"nm":"Work frome Home Mailing F 2","ddd":0,"assets":[],"layers":[{"ddd":0,"ind":1,"ty":3,"nm":"Null 1","sr":1,"ks":{"o":{"a":0,"k":0,"ix":11},"r":{"a":0,"k":0,"ix":10},"p":{"a":0,"k":[500,604,0],"ix":2},"a":{"a":0,"k":[0,0,0],"ix":1},"s":{"a":0,"k":[100,100,100],"ix":6}},"ao":0,"ip":0,"op":200,"st":0,"bm":0,"completed":true},{"ddd":0,"ind":2,"ty":4,"nm":"mail 4","parent":1,"td":1,"sr":1,"ks":{"o":{"a":0,"k":99,"ix":11},"r":{"a":0,"k":0,"ix":10},"p":{"a":0,"k":[183.055,-315.211,0],"ix":2},"a":{"a":0,"k":[2153.478,680.843,0],"ix":1},"s":{"a":0,"k":[56,56,100],"ix":6}},"ao":0,"shapes":[{"ty":"gr","it":[{"ind":0,"ty":"sh","ix":1,"ks":{"a":0,"k":{"i":[[77.977,-37.111],[80.678,-28.718],[-58.964,72.319],[-68.916,40.154],[36.053,-53.589999999999996],[73.808,-40.666000000000004]],"o":[[78.735,-34.708],[80.678,-28.718],[-58.964,72.319],[-68.916,40.154],[67.305,-42.946999999999996],[76.413,-39.034000000000006]],"v":[[78.735,-34.708],[80.678,-28.718],[-58.964,72.319],[-68.916,40.154],[58.006,-46.114],[74.435,-40.273]],"c":true},"ix":2},"nm":"Path 4","mn":"ADBE Vector Shape - Group","hd":false,"_render":true},{"ty":"fl","c":{"a":0,"k":[1,0.4431,0,1],"ix":4},"o":{"a":0,"k":100,"ix":5},"r":1,"bm":0,"nm":"Fill 3","mn":"ADBE Vector Graphic - Fill","hd":false,"_render":true},{"ty":"tr","p":{"a":0,"k":[1801.139,934.164],"ix":2},"a":{"a":0,"k":[0,0],"ix":1},"s":{"a":0,"k":[594,594],"ix":3},"r":{"a":0,"k":17.3,"ix":6},"o":{"a":0,"k":100,"ix":7},"sk":{"a":0,"k":0,"ix":4},"sa":{"a":0,"k":0,"ix":5},"nm":"Transform","_render":true}],"nm":"back 2","np":2,"cix":2,"bm":0,"ix":1,"mn":"ADBE Vector Group","hd":false,"_render":true}],"ip":0,"op":204,"st":-23,"bm":0,"completed":true},{"ddd":0,"ind":3,"ty":4,"nm":"plane 2","parent":1,"tt":2,"sr":1,"ks":{"o":{"a":0,"k":100,"ix":11},"r":{"a":0,"k":-30.27,"ix":10},"p":{"a":1,"k":[{"i":{"x":0.57,"y":1},"o":{"x":0.43,"y":0},"t":0,"s":[-417.664,54.901,0],"to":[29.664,67.099,0],"ti":[8.659,75.131,0]},{"i":{"x":0.57,"y":1},"o":{"x":0.444,"y":0},"t":50,"s":[384.659,-254.869,0],"to":[-6.219,-53.959,0],"ti":[-29.664,-67.099,0]},{"i":{"x":0.57,"y":1},"o":{"x":0.43,"y":0},"t":100,"s":[-417.664,54.901,0],"to":[29.664,67.099,0],"ti":[8.659,75.131,0]},{"i":{"x":0.595,"y":1},"o":{"x":0.444,"y":0},"t":150,"s":[384.659,-254.869,0],"to":[-6.219,-53.959,0],"ti":[-17.336,-57.901,0]},{"t":199,"s":[-417.664,54.901,0]}],"ix":2},"a":{"a":0,"k":[816.438,755.113,0],"ix":1},"s":{"a":0,"k":[65,65,100],"ix":6}},"ao":0,"shapes":[{"ty":"gr","it":[{"ind":0,"ty":"sh","ix":1,"ks":{"a":1,"k":[{"i":{"x":0.833,"y":0.833},"o":{"x":0.167,"y":0.167},"t":-7,"s":[{"i":[[18.514,-6.941],[-33.276,21.927],[93.386,-0.562]],"o":[[18.514,-6.941],[-33.276,21.927],[93.386,-0.562]],"v":[[18.514,-6.941],[-33.276,21.927],[93.386,-0.562]],"c":true}]},{"i":{"x":0.667,"y":1},"o":{"x":0.167,"y":0.167},"t":3,"s":[{"i":[[-6.915,-14.251],[-9.38,40.839],[47.51,-30.24]],"o":[[-6.915,-14.251],[-9.38,40.839],[47.51,-30.24]],"v":[[-6.915,-14.251],[-9.38,40.839],[47.51,-30.24]],"c":true}]},{"i":{"x":0.833,"y":0.833},"o":{"x":0.333,"y":0},"t":12,"s":[{"i":[[21.986,-29.805],[113.019,32.241],[42.547,-64.73]],"o":[[21.986,-29.805],[113.019,32.241],[42.547,-64.73]],"v":[[21.986,-29.805],[113.019,32.241],[42.547,-64.73]],"c":true}]},{"i":{"x":0.833,"y":0.833},"o":{"x":0.167,"y":0.167},"t":30,"s":[{"i":[[-0.528,-14.328],[129.556,-5.673],[-49.243,-49.537]],"o":[[-0.528,-14.328],[129.556,-5.673],[-49.243,-49.537]],"v":[[-0.528,-14.328],[129.556,-5.673],[-49.243,-49.537]],"c":true}]},{"i":{"x":0.833,"y":0.833},"o":{"x":0.167,"y":0.167},"t":48,"s":[{"i":[[12.419,-8.39],[20.033,-35.22],[-88.885,-12.543]],"o":[[12.419,-8.39],[20.033,-35.22],[-88.885,-12.543]],"v":[[12.419,-8.39],[20.033,-35.22],[-88.885,-12.543]],"c":true}]},{"i":{"x":0.32,"y":1},"o":{"x":0.167,"y":0.167},"t":61,"s":[{"i":[[55.573,8.709],[-40.935,-18.354],[28.444,45.375]],"o":[[55.573,8.709],[-40.935,-18.354],[28.444,45.375]],"v":[[55.573,8.709],[-40.935,-18.354],[28.444,45.375]],"c":true}]},{"i":{"x":0.667,"y":1},"o":{"x":0.167,"y":0.167},"t":70,"s":[{"i":[[6.11,3.203],[-110.008,-19.184],[7.061,50.133]],"o":[[6.11,3.203],[-110.008,-19.184],[7.061,50.133]],"v":[[6.11,3.203],[-110.008,-19.184],[7.061,50.133]],"c":true}]},{"i":{"x":0.833,"y":0.833},"o":{"x":0.333,"y":0},"t":84,"s":[{"i":[[70.462,-13.025],[-68.13,-5.656],[131.7,43.826]],"o":[[70.462,-13.025],[-68.13,-5.656],[131.7,43.826]],"v":[[70.462,-13.025],[-68.13,-5.656],[131.7,43.826]],"c":true}]},{"i":{"x":0.833,"y":0.833},"o":{"x":0.167,"y":0.167},"t":93,"s":[{"i":[[18.514,-6.941],[-33.276,21.927],[93.387,-0.562]],"o":[[18.514,-6.941],[-33.276,21.927],[93.387,-0.562]],"v":[[18.514,-6.941],[-33.276,21.927],[93.387,-0.562]],"c":true}]},{"i":{"x":0.667,"y":1},"o":{"x":0.167,"y":0.167},"t":103,"s":[{"i":[[-6.915,-14.251],[-9.38,40.839],[47.51,-30.24]],"o":[[-6.915,-14.251],[-9.38,40.839],[47.51,-30.24]],"v":[[-6.915,-14.251],[-9.38,40.839],[47.51,-30.24]],"c":true}]},{"i":{"x":0.833,"y":0.833},"o":{"x":0.333,"y":0},"t":112,"s":[{"i":[[21.986,-29.805],[113.019,32.241],[42.547,-64.73]],"o":[[21.986,-29.805],[113.019,32.241],[42.547,-64.73]],"v":[[21.986,-29.805],[113.019,32.241],[42.547,-64.73]],"c":true}]},{"i":{"x":0.833,"y":0.833},"o":{"x":0.167,"y":0.167},"t":130,"s":[{"i":[[-0.528,-14.328],[129.556,-5.673],[-49.243,-49.537]],"o":[[-0.528,-14.328],[129.556,-5.673],[-49.243,-49.537]],"v":[[-0.528,-14.328],[129.556,-5.673],[-49.243,-49.537]],"c":true}]},{"i":{"x":0.833,"y":0.833},"o":{"x":0.167,"y":0.167},"t":148,"s":[{"i":[[12.419,-8.39],[20.033,-35.22],[-88.885,-12.543]],"o":[[12.419,-8.39],[20.033,-35.22],[-88.885,-12.543]],"v":[[12.419,-8.39],[20.033,-35.22],[-88.885,-12.543]],"c":true}]},{"i":{"x":0.32,"y":1},"o":{"x":0.167,"y":0.167},"t":161,"s":[{"i":[[55.573,8.709],[-40.935,-18.354],[28.444,45.375]],"o":[[55.573,8.709],[-40.935,-18.354],[28.444,45.375]],"v":[[55.573,8.709],[-40.935,-18.354],[28.444,45.375]],"c":true}]},{"i":{"x":0.667,"y":1},"o":{"x":0.167,"y":0.167},"t":170,"s":[{"i":[[6.11,3.203],[-110.008,-19.184],[7.061,50.133]],"o":[[6.11,3.203],[-110.008,-19.184],[7.061,50.133]],"v":[[6.11,3.203],[-110.008,-19.184],[7.061,50.133]],"c":true}]},{"i":{"x":0.833,"y":0.833},"o":{"x":0.333,"y":0},"t":184,"s":[{"i":[[70.462,-13.025],[-68.13,-5.656],[131.7,43.826]],"o":[[70.462,-13.025],[-68.13,-5.656],[131.7,43.826]],"v":[[70.462,-13.025],[-68.13,-5.656],[131.7,43.826]],"c":true}]},{"i":{"x":0.833,"y":0.833},"o":{"x":0.167,"y":0.167},"t":193,"s":[{"i":[[18.514,-6.941],[-33.276,21.927],[93.386,-0.562]],"o":[[18.514,-6.941],[-33.276,21.927],[93.386,-0.562]],"v":[[18.514,-6.941],[-33.276,21.927],[93.386,-0.562]],"c":true}]},{"t":203,"s":[{"i":[[-6.915,-14.251],[-9.38,40.839],[47.51,-30.24]],"o":[[-6.915,-14.251],[-9.38,40.839],[47.51,-30.24]],"v":[[-6.915,-14.251],[-9.38,40.839],[47.51,-30.24]],"c":true}]}],"ix":2},"nm":"Path 2","mn":"ADBE Vector Shape - Group","hd":false,"_render":true},{"ind":1,"ty":"sh","ix":2,"ks":{"a":1,"k":[{"i":{"x":0.833,"y":0.833},"o":{"x":0.167,"y":0.167},"t":-7,"s":[{"i":[[-33.276,21.927],[5.299,-10.555],[-29.451,-26.172]],"o":[[-33.276,21.927],[5.299,-10.555],[-29.451,-26.172]],"v":[[-33.276,21.927],[5.299,-10.555],[-29.451,-26.172]],"c":true}]},{"i":{"x":0.667,"y":1},"o":{"x":0.167,"y":0.167},"t":3,"s":[{"i":[[-9.38,40.839],[-24.162,-11.06],[-91.62,-22.853]],"o":[[-9.38,40.839],[-24.162,-11.06],[-91.62,-22.853]],"v":[[-9.38,40.839],[-24.162,-11.06],[-91.62,-22.853]],"c":true}]},{"i":{"x":0.833,"y":0.833},"o":{"x":0.333,"y":0},"t":12,"s":[{"i":[[113.019,32.241],[-1.135,-26.615],[-113.019,-32.241]],"o":[[113.019,32.241],[-1.135,-26.615],[-113.019,-32.241]],"v":[[113.019,32.241],[-1.135,-26.615],[-113.019,-32.241]],"c":true}]},{"i":{"x":0.833,"y":0.833},"o":{"x":0.167,"y":0.167},"t":30,"s":[{"i":[[129.556,-5.673],[7.207,-4.426],[12.17,72.534]],"o":[[129.556,-5.673],[7.207,-4.426],[12.17,72.534]],"v":[[129.556,-5.673],[7.207,-4.426],[12.17,72.534]],"c":true}]},{"i":{"x":0.833,"y":0.833},"o":{"x":0.167,"y":0.167},"t":48,"s":[{"i":[[20.033,-35.22],[24.82,-6.359],[108.512,9]],"o":[[20.033,-35.22],[24.82,-6.359],[108.512,9]],"v":[[20.033,-35.22],[24.82,-6.359],[108.512,9]],"c":true}]},{"i":{"x":0.32,"y":1},"o":{"x":0.167,"y":0.167},"t":61,"s":[{"i":[[-40.935,-18.354],[69.258,0.624],[114.118,-27.203]],"o":[[-40.935,-18.354],[69.258,0.624],[114.118,-27.203]],"v":[[-40.935,-18.354],[69.258,0.624],[114.118,-27.203]],"c":true}]},{"i":{"x":0.667,"y":1},"o":{"x":0.167,"y":0.167},"t":70,"s":[{"i":[[-110.008,-19.184],[15.525,-1.402],[54.092,-19.43]],"o":[[-110.008,-19.184],[15.525,-1.402],[54.092,-19.43]],"v":[[-110.008,-19.184],[15.525,-1.402],[54.092,-19.43]],"c":true}]},{"i":{"x":0.833,"y":0.833},"o":{"x":0.333,"y":0},"t":84,"s":[{"i":[[-68.13,-5.656],[63.129,-26.565],[63.443,-50.053]],"o":[[-68.13,-5.656],[63.129,-26.565],[63.443,-50.053]],"v":[[-68.13,-5.656],[63.129,-26.565],[63.443,-50.053]],"c":true}]},{"i":{"x":0.833,"y":0.833},"o":{"x":0.167,"y":0.167},"t":93,"s":[{"i":[[-33.276,21.927],[5.299,-10.555],[-29.451,-26.172]],"o":[[-33.276,21.927],[5.299,-10.555],[-29.451,-26.172]],"v":[[-33.276,21.927],[5.299,-10.555],[-29.451,-26.172]],"c":true}]},{"i":{"x":0.667,"y":1},"o":{"x":0.167,"y":0.167},"t":103,"s":[{"i":[[-9.38,40.839],[-24.162,-11.06],[-91.62,-22.853]],"o":[[-9.38,40.839],[-24.162,-11.06],[-91.62,-22.853]],"v":[[-9.38,40.839],[-24.162,-11.06],[-91.62,-22.853]],"c":true}]},{"i":{"x":0.833,"y":0.833},"o":{"x":0.333,"y":0},"t":112,"s":[{"i":[[113.019,32.241],[-1.135,-26.615],[-113.019,-32.241]],"o":[[113.019,32.241],[-1.135,-26.615],[-113.019,-32.241]],"v":[[113.019,32.241],[-1.135,-26.615],[-113.019,-32.241]],"c":true}]},{"i":{"x":0.833,"y":0.833},"o":{"x":0.167,"y":0.167},"t":130,"s":[{"i":[[129.556,-5.673],[7.207,-4.426],[12.17,72.534]],"o":[[129.556,-5.673],[7.207,-4.426],[12.17,72.534]],"v":[[129.556,-5.673],[7.207,-4.426],[12.17,72.534]],"c":true}]},{"i":{"x":0.833,"y":0.833},"o":{"x":0.167,"y":0.167},"t":148,"s":[{"i":[[20.033,-35.22],[24.82,-6.359],[108.512,9]],"o":[[20.033,-35.22],[24.82,-6.359],[108.512,9]],"v":[[20.033,-35.22],[24.82,-6.359],[108.512,9]],"c":true}]},{"i":{"x":0.32,"y":1},"o":{"x":0.167,"y":0.167},"t":161,"s":[{"i":[[-40.935,-18.354],[69.258,0.624],[114.118,-27.203]],"o":[[-40.935,-18.354],[69.258,0.624],[114.118,-27.203]],"v":[[-40.935,-18.354],[69.258,0.624],[114.118,-27.203]],"c":true}]},{"i":{"x":0.667,"y":1},"o":{"x":0.167,"y":0.167},"t":170,"s":[{"i":[[-110.008,-19.184],[15.525,-1.402],[54.092,-19.43]],"o":[[-110.008,-19.184],[15.525,-1.402],[54.092,-19.43]],"v":[[-110.008,-19.184],[15.525,-1.402],[54.092,-19.43]],"c":true}]},{"i":{"x":0.833,"y":0.833},"o":{"x":0.333,"y":0},"t":184,"s":[{"i":[[-68.13,-5.656],[63.129,-26.565],[63.443,-50.053]],"o":[[-68.13,-5.656],[63.129,-26.565],[63.443,-50.053]],"v":[[-68.13,-5.656],[63.129,-26.565],[63.443,-50.053]],"c":true}]},{"i":{"x":0.833,"y":0.833},"o":{"x":0.167,"y":0.167},"t":193,"s":[{"i":[[-33.276,21.927],[5.299,-10.555],[-29.451,-26.172]],"o":[[-33.276,21.927],[5.299,-10.555],[-29.451,-26.172]],"v":[[-33.276,21.927],[5.299,-10.555],[-29.451,-26.172]],"c":true}]},{"t":203,"s":[{"i":[[-9.38,40.839],[-24.162,-11.06],[-91.62,-22.853]],"o":[[-9.38,40.839],[-24.162,-11.06],[-91.62,-22.853]],"v":[[-9.38,40.839],[-24.162,-11.06],[-91.62,-22.853]],"c":true}]}],"ix":2},"nm":"Path 1","mn":"ADBE Vector Shape - Group","hd":false,"_render":true},{"ty":"fl","c":{"a":0,"k":[0.948,0.892,0.948,1],"ix":4},"o":{"a":0,"k":100,"ix":5},"r":1,"bm":0,"nm":"Fill 1","mn":"ADBE Vector Graphic - Fill","hd":false,"_render":true},{"ind":3,"ty":"sh","ix":4,"ks":{"a":1,"k":[{"i":{"x":0.833,"y":0.833},"o":{"x":0.167,"y":0.167},"t":-7,"s":[{"i":[[-14.241,3.304],[-30.454,20.957],[19.514,-1.564],[11.823,5.95],[3.437,-9.631]],"o":[[-14.241,3.304],[-30.454,20.957],[19.514,-1.564],[11.823,5.95],[3.437,-9.631]],"v":[[-14.241,3.304],[-30.454,20.957],[19.514,-1.564],[11.823,5.95],[3.437,-9.631]],"c":true}]},{"i":{"x":0.667,"y":1},"o":{"x":0.167,"y":0.167},"t":3,"s":[{"i":[[-21.862,17.885],[-9.38,40.839],[-6.915,-14.251],[-10.368,5.64],[-25.224,-7.275]],"o":[[-21.862,17.885],[-9.38,40.839],[-6.915,-14.251],[-10.368,5.64],[-25.224,-7.275]],"v":[[-21.862,17.885],[-9.38,40.839],[-6.915,-14.251],[-10.368,5.64],[-25.224,-7.275]],"c":true}]},{"i":{"x":0.833,"y":0.833},"o":{"x":0.333,"y":0},"t":12,"s":[{"i":[[-24.159,12.674],[113.019,32.241],[21.986,-29.805],[17.357,-9.915],[-16.004,-3.872]],"o":[[-24.159,12.674],[113.019,32.241],[21.986,-29.805],[17.357,-9.915],[-16.004,-3.872]],"v":[[-24.159,12.674],[113.019,32.241],[21.986,-29.805],[17.357,-9.915],[-16.004,-3.872]],"c":true}]},{"i":{"x":0.833,"y":0.833},"o":{"x":0.167,"y":0.167},"t":30,"s":[{"i":[[55.35,-4.914],[129.556,-5.673],[-3.271,-18.353],[-13.529,7.902],[42.148,1]],"o":[[55.35,-4.914],[129.556,-5.673],[-3.271,-18.353],[-13.529,7.902],[42.148,1]],"v":[[55.35,-4.914],[129.556,-5.673],[-3.271,-18.353],[-13.529,7.902],[42.148,1]],"c":true}]},{"i":{"x":0.833,"y":0.833},"o":{"x":0.167,"y":0.167},"t":48,"s":[{"i":[[34.167,-10.201],[20.033,-35.22],[10.099,-7.209],[13.95,35.083],[26.183,-5.636]],"o":[[34.167,-10.201],[20.033,-35.22],[10.099,-7.209],[13.95,35.083],[26.183,-5.636]],"v":[[34.167,-10.201],[20.033,-35.22],[10.099,-7.209],[13.95,35.083],[26.183,-5.636]],"c":true}]},{"i":{"x":0.32,"y":1},"o":{"x":0.167,"y":0.167},"t":61,"s":[{"i":[[75.86,-3.345],[-40.935,-18.354],[42.881,12.14],[74.348,24.549],[70.369,1.013]],"o":[[75.86,-3.345],[-40.935,-18.354],[42.881,12.14],[74.348,24.549],[70.369,1.013]],"v":[[75.86,-3.345],[-40.935,-18.354],[42.881,12.14],[74.348,24.549],[70.369,1.013]],"c":true}]},{"i":{"x":0.667,"y":1},"o":{"x":0.167,"y":0.167},"t":70,"s":[{"i":[[12.51,-7.277],[-110.008,-19.184],[-19.192,3.494],[20.236,23.254],[16.22,-0.587]],"o":[[12.51,-7.277],[-110.008,-19.184],[-19.192,3.494],[20.236,23.254],[16.22,-0.587]],"v":[[12.51,-7.277],[-110.008,-19.184],[-19.192,3.494],[20.236,23.254],[16.22,-0.587]],"c":true}]},{"i":{"x":0.833,"y":0.833},"o":{"x":0.333,"y":0},"t":84,"s":[{"i":[[-3.126,-17.964],[-61.192,-8.042],[72.921,0.195],[59.046,-10.343],[60.098,-29.814]],"o":[[-3.126,-17.964],[-61.192,-8.042],[72.921,0.195],[59.046,-10.343],[60.098,-29.814]],"v":[[-3.126,-17.964],[-61.192,-8.042],[72.921,0.195],[59.046,-10.343],[60.098,-29.814]],"c":true}]},{"i":{"x":0.833,"y":0.833},"o":{"x":0.167,"y":0.167},"t":93,"s":[{"i":[[-14.241,3.304],[-30.454,20.957],[19.514,-1.564],[11.823,5.95],[3.437,-9.631]],"o":[[-14.241,3.304],[-30.454,20.957],[19.514,-1.564],[11.823,5.95],[3.437,-9.631]],"v":[[-14.241,3.304],[-30.454,20.957],[19.514,-1.564],[11.823,5.95],[3.437,-9.631]],"c":true}]},{"i":{"x":0.667,"y":1},"o":{"x":0.167,"y":0.167},"t":103,"s":[{"i":[[-21.861,17.885],[-9.38,40.839],[-6.915,-14.251],[-10.368,5.64],[-25.224,-7.275]],"o":[[-21.861,17.885],[-9.38,40.839],[-6.915,-14.251],[-10.368,5.64],[-25.224,-7.275]],"v":[[-21.861,17.885],[-9.38,40.839],[-6.915,-14.251],[-10.368,5.64],[-25.224,-7.275]],"c":true}]},{"i":{"x":0.833,"y":0.833},"o":{"x":0.333,"y":0},"t":112,"s":[{"i":[[-24.159,12.674],[113.019,32.241],[21.986,-29.805],[17.357,-9.915],[-16.004,-3.872]],"o":[[-24.159,12.674],[113.019,32.241],[21.986,-29.805],[17.357,-9.915],[-16.004,-3.872]],"v":[[-24.159,12.674],[113.019,32.241],[21.986,-29.805],[17.357,-9.915],[-16.004,-3.872]],"c":true}]},{"i":{"x":0.833,"y":0.833},"o":{"x":0.167,"y":0.167},"t":130,"s":[{"i":[[55.35,-4.914],[129.556,-5.673],[-3.271,-18.353],[-13.529,7.902],[42.148,1]],"o":[[55.35,-4.914],[129.556,-5.673],[-3.271,-18.353],[-13.529,7.902],[42.148,1]],"v":[[55.35,-4.914],[129.556,-5.673],[-3.271,-18.353],[-13.529,7.902],[42.148,1]],"c":true}]},{"i":{"x":0.833,"y":0.833},"o":{"x":0.167,"y":0.167},"t":148,"s":[{"i":[[34.167,-10.201],[20.033,-35.22],[10.099,-7.209],[13.95,35.083],[26.183,-5.636]],"o":[[34.167,-10.201],[20.033,-35.22],[10.099,-7.209],[13.95,35.083],[26.183,-5.636]],"v":[[34.167,-10.201],[20.033,-35.22],[10.099,-7.209],[13.95,35.083],[26.183,-5.636]],"c":true}]},{"i":{"x":0.32,"y":1},"o":{"x":0.167,"y":0.167},"t":161,"s":[{"i":[[75.86,-3.345],[-40.935,-18.354],[42.881,12.14],[74.348,24.549],[70.369,1.013]],"o":[[75.86,-3.345],[-40.935,-18.354],[42.881,12.14],[74.348,24.549],[70.369,1.013]],"v":[[75.86,-3.345],[-40.935,-18.354],[42.881,12.14],[74.348,24.549],[70.369,1.013]],"c":true}]},{"i":{"x":0.667,"y":1},"o":{"x":0.167,"y":0.167},"t":170,"s":[{"i":[[12.51,-7.277],[-110.008,-19.184],[-19.192,3.494],[20.236,23.254],[16.22,-0.587]],"o":[[12.51,-7.277],[-110.008,-19.184],[-19.192,3.494],[20.236,23.254],[16.22,-0.587]],"v":[[12.51,-7.277],[-110.008,-19.184],[-19.192,3.494],[20.236,23.254],[16.22,-0.587]],"c":true}]},{"i":{"x":0.833,"y":0.833},"o":{"x":0.333,"y":0},"t":184,"s":[{"i":[[-3.126,-17.964],[-61.192,-8.042],[72.921,0.195],[59.046,-10.343],[60.098,-29.814]],"o":[[-3.126,-17.964],[-61.192,-8.042],[72.921,0.195],[59.046,-10.343],[60.098,-29.814]],"v":[[-3.126,-17.964],[-61.192,-8.042],[72.921,0.195],[59.046,-10.343],[60.098,-29.814]],"c":true}]},{"i":{"x":0.833,"y":0.833},"o":{"x":0.167,"y":0.167},"t":193,"s":[{"i":[[-14.241,3.304],[-30.454,20.957],[19.514,-1.564],[11.823,5.95],[3.437,-9.631]],"o":[[-14.241,3.304],[-30.454,20.957],[19.514,-1.564],[11.823,5.95],[3.437,-9.631]],"v":[[-14.241,3.304],[-30.454,20.957],[19.514,-1.564],[11.823,5.95],[3.437,-9.631]],"c":true}]},{"t":203,"s":[{"i":[[-21.862,17.885],[-9.38,40.839],[-6.915,-14.251],[-10.368,5.64],[-25.224,-7.275]],"o":[[-21.862,17.885],[-9.38,40.839],[-6.915,-14.251],[-10.368,5.64],[-25.224,-7.275]],"v":[[-21.862,17.885],[-9.38,40.839],[-6.915,-14.251],[-10.368,5.64],[-25.224,-7.275]],"c":true}]}],"ix":2},"nm":"Path 3","mn":"ADBE Vector Shape - Group","hd":false,"_render":true},{"ty":"fl","c":{"a":0,"k":[0.7816,0.7384,0.7816,1],"ix":4},"o":{"a":0,"k":100,"ix":5},"r":1,"bm":0,"nm":"Fill 2","mn":"ADBE Vector Graphic - Fill","hd":false,"_render":true},{"ty":"tr","p":{"a":0,"k":[795.902,768.678],"ix":2},"a":{"a":0,"k":[0,0],"ix":1},"s":{"a":0,"k":[100,100],"ix":3},"r":{"a":0,"k":0,"ix":6},"o":{"a":0,"k":100,"ix":7},"sk":{"a":0,"k":0,"ix":4},"sa":{"a":0,"k":0,"ix":5},"nm":"Transform","_render":true}],"nm":"Group 9","np":5,"cix":2,"bm":0,"ix":1,"mn":"ADBE Vector Group","hd":false,"_render":true},{"ty":"gr","it":[{"ind":0,"ty":"sh","ix":1,"ks":{"a":1,"k":[{"i":{"x":0.833,"y":0.833},"o":{"x":0.167,"y":0.167},"t":-7,"s":[{"i":[[18.514,-6.941],[-33.276,21.927],[93.386,-0.562]],"o":[[18.514,-6.941],[-33.276,21.927],[93.386,-0.562]],"v":[[18.514,-6.941],[-33.276,21.927],[93.386,-0.562]],"c":true}]},{"i":{"x":0.667,"y":1},"o":{"x":0.167,"y":0.167},"t":3,"s":[{"i":[[-6.915,-14.251],[-9.38,40.839],[47.51,-30.24]],"o":[[-6.915,-14.251],[-9.38,40.839],[47.51,-30.24]],"v":[[-6.915,-14.251],[-9.38,40.839],[47.51,-30.24]],"c":true}]},{"i":{"x":0.833,"y":0.833},"o":{"x":0.333,"y":0},"t":12,"s":[{"i":[[21.986,-29.805],[113.019,32.241],[42.547,-64.73]],"o":[[21.986,-29.805],[113.019,32.241],[42.547,-64.73]],"v":[[21.986,-29.805],[113.019,32.241],[42.547,-64.73]],"c":true}]},{"i":{"x":0.833,"y":0.833},"o":{"x":0.167,"y":0.167},"t":30,"s":[{"i":[[-0.528,-14.328],[129.556,-5.673],[-49.243,-49.537]],"o":[[-0.528,-14.328],[129.556,-5.673],[-49.243,-49.537]],"v":[[-0.528,-14.328],[129.556,-5.673],[-49.243,-49.537]],"c":true}]},{"i":{"x":0.833,"y":0.833},"o":{"x":0.167,"y":0.167},"t":48,"s":[{"i":[[12.419,-8.39],[20.033,-35.22],[-88.885,-12.543]],"o":[[12.419,-8.39],[20.033,-35.22],[-88.885,-12.543]],"v":[[12.419,-8.39],[20.033,-35.22],[-88.885,-12.543]],"c":true}]},{"i":{"x":0.32,"y":1},"o":{"x":0.167,"y":0.167},"t":61,"s":[{"i":[[55.573,8.709],[-40.935,-18.354],[28.444,45.375]],"o":[[55.573,8.709],[-40.935,-18.354],[28.444,45.375]],"v":[[55.573,8.709],[-40.935,-18.354],[28.444,45.375]],"c":true}]},{"i":{"x":0.667,"y":1},"o":{"x":0.167,"y":0.167},"t":70,"s":[{"i":[[6.11,3.203],[-110.008,-19.184],[7.061,50.133]],"o":[[6.11,3.203],[-110.008,-19.184],[7.061,50.133]],"v":[[6.11,3.203],[-110.008,-19.184],[7.061,50.133]],"c":true}]},{"i":{"x":0.833,"y":0.833},"o":{"x":0.333,"y":0},"t":84,"s":[{"i":[[70.462,-13.025],[-68.13,-5.656],[131.7,43.826]],"o":[[70.462,-13.025],[-68.13,-5.656],[131.7,43.826]],"v":[[70.462,-13.025],[-68.13,-5.656],[131.7,43.826]],"c":true}]},{"i":{"x":0.833,"y":0.833},"o":{"x":0.167,"y":0.167},"t":93,"s":[{"i":[[18.514,-6.941],[-33.276,21.927],[93.387,-0.562]],"o":[[18.514,-6.941],[-33.276,21.927],[93.387,-0.562]],"v":[[18.514,-6.941],[-33.276,21.927],[93.387,-0.562]],"c":true}]},{"i":{"x":0.667,"y":1},"o":{"x":0.167,"y":0.167},"t":103,"s":[{"i":[[-6.915,-14.251],[-9.38,40.839],[47.51,-30.24]],"o":[[-6.915,-14.251],[-9.38,40.839],[47.51,-30.24]],"v":[[-6.915,-14.251],[-9.38,40.839],[47.51,-30.24]],"c":true}]},{"i":{"x":0.833,"y":0.833},"o":{"x":0.333,"y":0},"t":112,"s":[{"i":[[21.986,-29.805],[113.019,32.241],[42.547,-64.73]],"o":[[21.986,-29.805],[113.019,32.241],[42.547,-64.73]],"v":[[21.986,-29.805],[113.019,32.241],[42.547,-64.73]],"c":true}]},{"i":{"x":0.833,"y":0.833},"o":{"x":0.167,"y":0.167},"t":130,"s":[{"i":[[-0.528,-14.328],[129.556,-5.673],[-49.243,-49.537]],"o":[[-0.528,-14.328],[129.556,-5.673],[-49.243,-49.537]],"v":[[-0.528,-14.328],[129.556,-5.673],[-49.243,-49.537]],"c":true}]},{"i":{"x":0.833,"y":0.833},"o":{"x":0.167,"y":0.167},"t":148,"s":[{"i":[[12.419,-8.39],[20.033,-35.22],[-88.885,-12.543]],"o":[[12.419,-8.39],[20.033,-35.22],[-88.885,-12.543]],"v":[[12.419,-8.39],[20.033,-35.22],[-88.885,-12.543]],"c":true}]},{"i":{"x":0.32,"y":1},"o":{"x":0.167,"y":0.167},"t":161,"s":[{"i":[[55.573,8.709],[-40.935,-18.354],[28.444,45.375]],"o":[[55.573,8.709],[-40.935,-18.354],[28.444,45.375]],"v":[[55.573,8.709],[-40.935,-18.354],[28.444,45.375]],"c":true}]},{"i":{"x":0.667,"y":1},"o":{"x":0.167,"y":0.167},"t":170,"s":[{"i":[[6.11,3.203],[-110.008,-19.184],[7.061,50.133]],"o":[[6.11,3.203],[-110.008,-19.184],[7.061,50.133]],"v":[[6.11,3.203],[-110.008,-19.184],[7.061,50.133]],"c":true}]},{"i":{"x":0.833,"y":0.833},"o":{"x":0.333,"y":0},"t":184,"s":[{"i":[[70.462,-13.025],[-68.13,-5.656],[131.7,43.826]],"o":[[70.462,-13.025],[-68.13,-5.656],[131.7,43.826]],"v":[[70.462,-13.025],[-68.13,-5.656],[131.7,43.826]],"c":true}]},{"i":{"x":0.833,"y":0.833},"o":{"x":0.167,"y":0.167},"t":193,"s":[{"i":[[18.514,-6.941],[-33.276,21.927],[93.386,-0.562]],"o":[[18.514,-6.941],[-33.276,21.927],[93.386,-0.562]],"v":[[18.514,-6.941],[-33.276,21.927],[93.386,-0.562]],"c":true}]},{"t":203,"s":[{"i":[[-6.915,-14.251],[-9.38,40.839],[47.51,-30.24]],"o":[[-6.915,-14.251],[-9.38,40.839],[47.51,-30.24]],"v":[[-6.915,-14.251],[-9.38,40.839],[47.51,-30.24]],"c":true}]}],"ix":2},"nm":"Path 2","mn":"ADBE Vector Shape - Group","hd":false,"_render":true},{"ind":1,"ty":"sh","ix":2,"ks":{"a":1,"k":[{"i":{"x":0.833,"y":0.833},"o":{"x":0.167,"y":0.167},"t":-7,"s":[{"i":[[-33.276,21.927],[5.299,-10.555],[-29.451,-26.172]],"o":[[-33.276,21.927],[5.299,-10.555],[-29.451,-26.172]],"v":[[-33.276,21.927],[5.299,-10.555],[-29.451,-26.172]],"c":true}]},{"i":{"x":0.667,"y":1},"o":{"x":0.167,"y":0.167},"t":3,"s":[{"i":[[-9.38,40.839],[-24.162,-11.06],[-91.62,-22.853]],"o":[[-9.38,40.839],[-24.162,-11.06],[-91.62,-22.853]],"v":[[-9.38,40.839],[-24.162,-11.06],[-91.62,-22.853]],"c":true}]},{"i":{"x":0.833,"y":0.833},"o":{"x":0.333,"y":0},"t":12,"s":[{"i":[[113.019,32.241],[-1.135,-26.615],[-113.019,-32.241]],"o":[[113.019,32.241],[-1.135,-26.615],[-113.019,-32.241]],"v":[[113.019,32.241],[-1.135,-26.615],[-113.019,-32.241]],"c":true}]},{"i":{"x":0.833,"y":0.833},"o":{"x":0.167,"y":0.167},"t":30,"s":[{"i":[[129.556,-5.673],[7.207,-4.426],[12.17,72.534]],"o":[[129.556,-5.673],[7.207,-4.426],[12.17,72.534]],"v":[[129.556,-5.673],[7.207,-4.426],[12.17,72.534]],"c":true}]},{"i":{"x":0.833,"y":0.833},"o":{"x":0.167,"y":0.167},"t":48,"s":[{"i":[[20.033,-35.22],[24.82,-6.359],[108.512,9]],"o":[[20.033,-35.22],[24.82,-6.359],[108.512,9]],"v":[[20.033,-35.22],[24.82,-6.359],[108.512,9]],"c":true}]},{"i":{"x":0.32,"y":1},"o":{"x":0.167,"y":0.167},"t":61,"s":[{"i":[[-40.935,-18.354],[69.258,0.624],[114.118,-27.203]],"o":[[-40.935,-18.354],[69.258,0.624],[114.118,-27.203]],"v":[[-40.935,-18.354],[69.258,0.624],[114.118,-27.203]],"c":true}]},{"i":{"x":0.667,"y":1},"o":{"x":0.167,"y":0.167},"t":70,"s":[{"i":[[-110.008,-19.184],[15.525,-1.402],[54.092,-19.43]],"o":[[-110.008,-19.184],[15.525,-1.402],[54.092,-19.43]],"v":[[-110.008,-19.184],[15.525,-1.402],[54.092,-19.43]],"c":true}]},{"i":{"x":0.833,"y":0.833},"o":{"x":0.333,"y":0},"t":84,"s":[{"i":[[-68.13,-5.656],[63.129,-26.565],[63.443,-50.053]],"o":[[-68.13,-5.656],[63.129,-26.565],[63.443,-50.053]],"v":[[-68.13,-5.656],[63.129,-26.565],[63.443,-50.053]],"c":true}]},{"i":{"x":0.833,"y":0.833},"o":{"x":0.167,"y":0.167},"t":93,"s":[{"i":[[-33.276,21.927],[5.299,-10.555],[-29.451,-26.172]],"o":[[-33.276,21.927],[5.299,-10.555],[-29.451,-26.172]],"v":[[-33.276,21.927],[5.299,-10.555],[-29.451,-26.172]],"c":true}]},{"i":{"x":0.667,"y":1},"o":{"x":0.167,"y":0.167},"t":103,"s":[{"i":[[-9.38,40.839],[-24.162,-11.06],[-91.62,-22.853]],"o":[[-9.38,40.839],[-24.162,-11.06],[-91.62,-22.853]],"v":[[-9.38,40.839],[-24.162,-11.06],[-91.62,-22.853]],"c":true}]},{"i":{"x":0.833,"y":0.833},"o":{"x":0.333,"y":0},"t":112,"s":[{"i":[[113.019,32.241],[-1.135,-26.615],[-113.019,-32.241]],"o":[[113.019,32.241],[-1.135,-26.615],[-113.019,-32.241]],"v":[[113.019,32.241],[-1.135,-26.615],[-113.019,-32.241]],"c":true}]},{"i":{"x":0.833,"y":0.833},"o":{"x":0.167,"y":0.167},"t":130,"s":[{"i":[[129.556,-5.673],[7.207,-4.426],[12.17,72.534]],"o":[[129.556,-5.673],[7.207,-4.426],[12.17,72.534]],"v":[[129.556,-5.673],[7.207,-4.426],[12.17,72.534]],"c":true}]},{"i":{"x":0.833,"y":0.833},"o":{"x":0.167,"y":0.167},"t":148,"s":[{"i":[[20.033,-35.22],[24.82,-6.359],[108.512,9]],"o":[[20.033,-35.22],[24.82,-6.359],[108.512,9]],"v":[[20.033,-35.22],[24.82,-6.359],[108.512,9]],"c":true}]},{"i":{"x":0.32,"y":1},"o":{"x":0.167,"y":0.167},"t":161,"s":[{"i":[[-40.935,-18.354],[69.258,0.624],[114.118,-27.203]],"o":[[-40.935,-18.354],[69.258,0.624],[114.118,-27.203]],"v":[[-40.935,-18.354],[69.258,0.624],[114.118,-27.203]],"c":true}]},{"i":{"x":0.667,"y":1},"o":{"x":0.167,"y":0.167},"t":170,"s":[{"i":[[-110.008,-19.184],[15.525,-1.402],[54.092,-19.43]],"o":[[-110.008,-19.184],[15.525,-1.402],[54.092,-19.43]],"v":[[-110.008,-19.184],[15.525,-1.402],[54.092,-19.43]],"c":true}]},{"i":{"x":0.833,"y":0.833},"o":{"x":0.333,"y":0},"t":184,"s":[{"i":[[-68.13,-5.656],[63.129,-26.565],[63.443,-50.053]],"o":[[-68.13,-5.656],[63.129,-26.565],[63.443,-50.053]],"v":[[-68.13,-5.656],[63.129,-26.565],[63.443,-50.053]],"c":true}]},{"i":{"x":0.833,"y":0.833},"o":{"x":0.167,"y":0.167},"t":193,"s":[{"i":[[-33.276,21.927],[5.299,-10.555],[-29.451,-26.172]],"o":[[-33.276,21.927],[5.299,-10.555],[-29.451,-26.172]],"v":[[-33.276,21.927],[5.299,-10.555],[-29.451,-26.172]],"c":true}]},{"t":203,"s":[{"i":[[-9.38,40.839],[-24.162,-11.06],[-91.62,-22.853]],"o":[[-9.38,40.839],[-24.162,-11.06],[-91.62,-22.853]],"v":[[-9.38,40.839],[-24.162,-11.06],[-91.62,-22.853]],"c":true}]}],"ix":2},"nm":"Path 1","mn":"ADBE Vector Shape - Group","hd":false,"_render":true},{"ind":2,"ty":"sh","ix":3,"ks":{"a":1,"k":[{"i":{"x":0.833,"y":0.833},"o":{"x":0.167,"y":0.167},"t":-7,"s":[{"i":[[-14.241,3.304],[-30.454,20.957],[19.514,-1.564],[11.823,5.95],[3.437,-9.631]],"o":[[-14.241,3.304],[-30.454,20.957],[19.514,-1.564],[11.823,5.95],[3.437,-9.631]],"v":[[-14.241,3.304],[-30.454,20.957],[19.514,-1.564],[11.823,5.95],[3.437,-9.631]],"c":true}]},{"i":{"x":0.667,"y":1},"o":{"x":0.167,"y":0.167},"t":3,"s":[{"i":[[-21.862,17.885],[-9.38,40.839],[-6.915,-14.251],[-10.368,5.64],[-25.224,-7.275]],"o":[[-21.862,17.885],[-9.38,40.839],[-6.915,-14.251],[-10.368,5.64],[-25.224,-7.275]],"v":[[-21.862,17.885],[-9.38,40.839],[-6.915,-14.251],[-10.368,5.64],[-25.224,-7.275]],"c":true}]},{"i":{"x":0.833,"y":0.833},"o":{"x":0.333,"y":0},"t":12,"s":[{"i":[[-24.159,12.674],[113.019,32.241],[21.986,-29.805],[17.357,-9.915],[-16.004,-3.872]],"o":[[-24.159,12.674],[113.019,32.241],[21.986,-29.805],[17.357,-9.915],[-16.004,-3.872]],"v":[[-24.159,12.674],[113.019,32.241],[21.986,-29.805],[17.357,-9.915],[-16.004,-3.872]],"c":true}]},{"i":{"x":0.833,"y":0.833},"o":{"x":0.167,"y":0.167},"t":30,"s":[{"i":[[55.35,-4.914],[129.556,-5.673],[-3.271,-18.353],[-13.529,7.902],[42.148,1]],"o":[[55.35,-4.914],[129.556,-5.673],[-3.271,-18.353],[-13.529,7.902],[42.148,1]],"v":[[55.35,-4.914],[129.556,-5.673],[-3.271,-18.353],[-13.529,7.902],[42.148,1]],"c":true}]},{"i":{"x":0.833,"y":0.833},"o":{"x":0.167,"y":0.167},"t":48,"s":[{"i":[[34.167,-10.201],[20.033,-35.22],[10.099,-7.209],[13.95,35.083],[26.183,-5.636]],"o":[[34.167,-10.201],[20.033,-35.22],[10.099,-7.209],[13.95,35.083],[26.183,-5.636]],"v":[[34.167,-10.201],[20.033,-35.22],[10.099,-7.209],[13.95,35.083],[26.183,-5.636]],"c":true}]},{"i":{"x":0.32,"y":1},"o":{"x":0.167,"y":0.167},"t":61,"s":[{"i":[[75.86,-3.345],[-40.935,-18.354],[42.881,12.14],[74.348,24.549],[70.369,1.013]],"o":[[75.86,-3.345],[-40.935,-18.354],[42.881,12.14],[74.348,24.549],[70.369,1.013]],"v":[[75.86,-3.345],[-40.935,-18.354],[42.881,12.14],[74.348,24.549],[70.369,1.013]],"c":true}]},{"i":{"x":0.667,"y":1},"o":{"x":0.167,"y":0.167},"t":70,"s":[{"i":[[12.51,-7.277],[-110.008,-19.184],[-19.192,3.494],[20.236,23.254],[16.22,-0.587]],"o":[[12.51,-7.277],[-110.008,-19.184],[-19.192,3.494],[20.236,23.254],[16.22,-0.587]],"v":[[12.51,-7.277],[-110.008,-19.184],[-19.192,3.494],[20.236,23.254],[16.22,-0.587]],"c":true}]},{"i":{"x":0.833,"y":0.833},"o":{"x":0.333,"y":0},"t":84,"s":[{"i":[[-3.126,-17.964],[-61.192,-8.042],[72.921,0.195],[59.046,-10.343],[60.098,-29.814]],"o":[[-3.126,-17.964],[-61.192,-8.042],[72.921,0.195],[59.046,-10.343],[60.098,-29.814]],"v":[[-3.126,-17.964],[-61.192,-8.042],[72.921,0.195],[59.046,-10.343],[60.098,-29.814]],"c":true}]},{"i":{"x":0.833,"y":0.833},"o":{"x":0.167,"y":0.167},"t":93,"s":[{"i":[[-14.241,3.304],[-30.454,20.957],[19.514,-1.564],[11.823,5.95],[3.437,-9.631]],"o":[[-14.241,3.304],[-30.454,20.957],[19.514,-1.564],[11.823,5.95],[3.437,-9.631]],"v":[[-14.241,3.304],[-30.454,20.957],[19.514,-1.564],[11.823,5.95],[3.437,-9.631]],"c":true}]},{"i":{"x":0.667,"y":1},"o":{"x":0.167,"y":0.167},"t":103,"s":[{"i":[[-21.861,17.885],[-9.38,40.839],[-6.915,-14.251],[-10.368,5.64],[-25.224,-7.275]],"o":[[-21.861,17.885],[-9.38,40.839],[-6.915,-14.251],[-10.368,5.64],[-25.224,-7.275]],"v":[[-21.861,17.885],[-9.38,40.839],[-6.915,-14.251],[-10.368,5.64],[-25.224,-7.275]],"c":true}]},{"i":{"x":0.833,"y":0.833},"o":{"x":0.333,"y":0},"t":112,"s":[{"i":[[-24.159,12.674],[113.019,32.241],[21.986,-29.805],[17.357,-9.915],[-16.004,-3.872]],"o":[[-24.159,12.674],[113.019,32.241],[21.986,-29.805],[17.357,-9.915],[-16.004,-3.872]],"v":[[-24.159,12.674],[113.019,32.241],[21.986,-29.805],[17.357,-9.915],[-16.004,-3.872]],"c":true}]},{"i":{"x":0.833,"y":0.833},"o":{"x":0.167,"y":0.167},"t":130,"s":[{"i":[[55.35,-4.914],[129.556,-5.673],[-3.271,-18.353],[-13.529,7.902],[42.148,1]],"o":[[55.35,-4.914],[129.556,-5.673],[-3.271,-18.353],[-13.529,7.902],[42.148,1]],"v":[[55.35,-4.914],[129.556,-5.673],[-3.271,-18.353],[-13.529,7.902],[42.148,1]],"c":true}]},{"i":{"x":0.833,"y":0.833},"o":{"x":0.167,"y":0.167},"t":148,"s":[{"i":[[34.167,-10.201],[20.033,-35.22],[10.099,-7.209],[13.95,35.083],[26.183,-5.636]],"o":[[34.167,-10.201],[20.033,-35.22],[10.099,-7.209],[13.95,35.083],[26.183,-5.636]],"v":[[34.167,-10.201],[20.033,-35.22],[10.099,-7.209],[13.95,35.083],[26.183,-5.636]],"c":true}]},{"i":{"x":0.32,"y":1},"o":{"x":0.167,"y":0.167},"t":161,"s":[{"i":[[75.86,-3.345],[-40.935,-18.354],[42.881,12.14],[74.348,24.549],[70.369,1.013]],"o":[[75.86,-3.345],[-40.935,-18.354],[42.881,12.14],[74.348,24.549],[70.369,1.013]],"v":[[75.86,-3.345],[-40.935,-18.354],[42.881,12.14],[74.348,24.549],[70.369,1.013]],"c":true}]},{"i":{"x":0.667,"y":1},"o":{"x":0.167,"y":0.167},"t":170,"s":[{"i":[[12.51,-7.277],[-110.008,-19.184],[-19.192,3.494],[20.236,23.254],[16.22,-0.587]],"o":[[12.51,-7.277],[-110.008,-19.184],[-19.192,3.494],[20.236,23.254],[16.22,-0.587]],"v":[[12.51,-7.277],[-110.008,-19.184],[-19.192,3.494],[20.236,23.254],[16.22,-0.587]],"c":true}]},{"i":{"x":0.833,"y":0.833},"o":{"x":0.333,"y":0},"t":184,"s":[{"i":[[-3.126,-17.964],[-61.192,-8.042],[72.921,0.195],[59.046,-10.343],[60.098,-29.814]],"o":[[-3.126,-17.964],[-61.192,-8.042],[72.921,0.195],[59.046,-10.343],[60.098,-29.814]],"v":[[-3.126,-17.964],[-61.192,-8.042],[72.921,0.195],[59.046,-10.343],[60.098,-29.814]],"c":true}]},{"i":{"x":0.833,"y":0.833},"o":{"x":0.167,"y":0.167},"t":193,"s":[{"i":[[-14.241,3.304],[-30.454,20.957],[19.514,-1.564],[11.823,5.95],[3.437,-9.631]],"o":[[-14.241,3.304],[-30.454,20.957],[19.514,-1.564],[11.823,5.95],[3.437,-9.631]],"v":[[-14.241,3.304],[-30.454,20.957],[19.514,-1.564],[11.823,5.95],[3.437,-9.631]],"c":true}]},{"t":203,"s":[{"i":[[-21.862,17.885],[-9.38,40.839],[-6.915,-14.251],[-10.368,5.64],[-25.224,-7.275]],"o":[[-21.862,17.885],[-9.38,40.839],[-6.915,-14.251],[-10.368,5.64],[-25.224,-7.275]],"v":[[-21.862,17.885],[-9.38,40.839],[-6.915,-14.251],[-10.368,5.64],[-25.224,-7.275]],"c":true}]}],"ix":2},"nm":"Path 3","mn":"ADBE Vector Shape - Group","hd":false,"_render":true},{"ty":"fl","c":{"a":0,"k":[0.1255,0.1529,0.1725,1],"ix":4},"o":{"a":0,"k":20,"ix":5},"r":1,"bm":0,"nm":"Fill 2","mn":"ADBE Vector Graphic - Fill","hd":false,"_render":true},{"ty":"tr","p":{"a":0,"k":[790.902,773.678],"ix":2},"a":{"a":0,"k":[0,0],"ix":1},"s":{"a":0,"k":[100,100],"ix":3},"r":{"a":0,"k":0,"ix":6},"o":{"a":0,"k":100,"ix":7},"sk":{"a":0,"k":0,"ix":4},"sa":{"a":0,"k":0,"ix":5},"nm":"Transform","_render":true}],"nm":"Group 8","np":4,"cix":2,"bm":0,"ix":2,"mn":"ADBE Vector Group","hd":false,"_render":true}],"ip":-2,"op":201,"st":0,"bm":0,"completed":true},{"ddd":0,"ind":4,"ty":4,"nm":"Shape Layer 9","parent":1,"sr":1,"ks":{"o":{"a":0,"k":100,"ix":11},"r":{"a":0,"k":0,"ix":10},"p":{"a":1,"k":[{"i":{"x":0.833,"y":0.833},"o":{"x":0.167,"y":0.167},"t":0,"s":[141.25,25,0],"to":[-3.73,-1.383,0],"ti":[-8.37,-1.955,0]},{"i":{"x":0.833,"y":0.833},"o":{"x":0.167,"y":0.167},"t":38,"s":[146.62,14.455,0],"to":[5.12,2.58,0],"ti":[5.195,1.594,0]},{"i":{"x":0.833,"y":0.833},"o":{"x":0.167,"y":0.167},"t":75,"s":[150.18,5.281,0],"to":[-5.195,-1.594,0],"ti":[-0.953,-5.614,0]},{"i":{"x":0.833,"y":0.833},"o":{"x":0.167,"y":0.167},"t":106,"s":[134.453,14.614,0],"to":[0.953,5.614,0],"ti":[-3.875,4.525,0]},{"i":{"x":0.833,"y":0.833},"o":{"x":0.167,"y":0.167},"t":137,"s":[149.75,10.975,0],"to":[3.875,-4.525,0],"ti":[1.75,-5.25,0]},{"i":{"x":0.833,"y":0.833},"o":{"x":0.167,"y":0.167},"t":170,"s":[140.625,8.625,0],"to":[-1.75,5.25,0],"ti":[11.125,-4.375,0]},{"t":199,"s":[141.25,25,0]}],"ix":2},"a":{"a":0,"k":[197.25,-284,0],"ix":1},"s":{"a":0,"k":[82,82,100],"ix":6}},"ao":0,"shapes":[{"ty":"gr","it":[{"ind":0,"ty":"sh","ix":1,"ks":{"a":0,"k":{"i":[[192.5,-319.5],[250.5,-319.5]],"o":[[192.5,-319.5],[250.5,-319.5]],"v":[[192.5,-319.5],[250.5,-319.5]],"c":false},"ix":2},"nm":"Path 1","mn":"ADBE Vector Shape - Group","hd":false,"_render":true},{"ty":"st","c":{"a":0,"k":[0.9448,0.4995,0.1352,1],"ix":3},"o":{"a":0,"k":100,"ix":4},"w":{"a":0,"k":10,"ix":5},"lc":2,"lj":2,"bm":0,"nm":"Stroke 1","mn":"ADBE Vector Graphic - Stroke","hd":false,"_render":true},{"ty":"tr","p":{"a":0,"k":[0,0],"ix":2},"a":{"a":0,"k":[0,0],"ix":1},"s":{"a":0,"k":[100,100],"ix":3},"r":{"a":0,"k":0,"ix":6},"o":{"a":0,"k":100,"ix":7},"sk":{"a":0,"k":0,"ix":4},"sa":{"a":0,"k":0,"ix":5},"nm":"Transform","_render":true}],"nm":"Shape 2","np":2,"cix":2,"bm":0,"ix":1,"mn":"ADBE Vector Group","hd":false,"_render":true},{"ty":"gr","it":[{"it":[{"ind":0,"ty":"sh","ix":1,"ks":{"a":0,"k":{"i":[[192.5,-298],[313,-298]],"o":[[192.5,-298],[313,-298]],"v":[[192.5,-298],[313,-298]],"c":false},"ix":2},"nm":"Path 2","mn":"ADBE Vector Shape - Group","hd":false,"_render":true,"_processed":false},{"a":{"a":0,"ix":1,"k":[0,0]},"nm":"Transform","o":{"a":0,"ix":7,"k":100},"p":{"a":0,"ix":2,"k":[0,0]},"r":{"a":1,"ix":6,"k":[{"s":0,"e":0,"t":0},{"s":0,"e":0,"t":1}]},"s":{"a":0,"ix":3,"k":[100,100]},"sa":{"a":0,"ix":5,"k":0},"sk":{"a":0,"ix":4,"k":0},"ty":"tr","_render":true}],"ty":"gr","_render":true},{"it":[{"ind":0,"ty":"sh","ix":1,"ks":{"a":0,"k":{"i":[[192.5,-298],[313,-298]],"o":[[192.5,-298],[313,-298]],"v":[[192.5,-298],[313,-298]],"c":false},"ix":2},"nm":"Path 2","mn":"ADBE Vector Shape - Group","hd":false,"_render":true,"_processed":false},{"a":{"a":0,"ix":1,"k":[0,0]},"nm":"Transform","o":{"a":0,"ix":7,"k":100},"p":{"a":0,"ix":2,"k":[0,0]},"r":{"a":1,"ix":6,"k":[{"s":0,"e":0,"t":0},{"s":0,"e":0,"t":1}]},"s":{"a":0,"ix":3,"k":[100,100]},"sa":{"a":0,"ix":5,"k":0},"sk":{"a":0,"ix":4,"k":0},"ty":"tr","_render":true}],"ty":"gr","_render":true},{"it":[{"ind":0,"ty":"sh","ix":1,"ks":{"a":0,"k":{"i":[[192.5,-298],[313,-298]],"o":[[192.5,-298],[313,-298]],"v":[[192.5,-298],[313,-298]],"c":false},"ix":2},"nm":"Path 2","mn":"ADBE Vector Shape - Group","hd":false,"_render":true,"_processed":false},{"a":{"a":0,"ix":1,"k":[0,0]},"nm":"Transform","o":{"a":0,"ix":7,"k":100},"p":{"a":0,"ix":2,"k":[0,0]},"r":{"a":1,"ix":6,"k":[{"s":0,"e":0,"t":0},{"s":0,"e":0,"t":1}]},"s":{"a":0,"ix":3,"k":[100,100]},"sa":{"a":0,"ix":5,"k":0},"sk":{"a":0,"ix":4,"k":0},"ty":"tr","_render":true}],"ty":"gr","_render":true},{"ind":0,"ty":"sh","ix":1,"ks":{"a":0,"k":{"i":[[192.5,-298],[313,-298]],"o":[[192.5,-298],[313,-298]],"v":[[192.5,-298],[313,-298]],"c":false},"ix":2},"nm":"Path 2","mn":"ADBE Vector Shape - Group","hd":false,"_render":false},{"ty":"rp","c":{"a":0,"k":3,"ix":1},"o":{"a":0,"k":0,"ix":2},"m":1,"ix":2,"tr":{"ty":"tr","p":{"a":0,"k":[0,21],"ix":2},"a":{"a":0,"k":[0,0],"ix":1},"s":{"a":0,"k":[100,100],"ix":3},"r":{"a":0,"k":0,"ix":4},"so":{"a":0,"k":100,"ix":5},"eo":{"a":0,"k":100,"ix":6},"nm":"Transform"},"nm":"Repeater 1","mn":"ADBE Vector Filter - Repeater","hd":false,"_render":true},{"ty":"st","c":{"a":0,"k":[0.9505,0.8695,0.9505,1],"ix":3},"o":{"a":0,"k":100,"ix":4},"w":{"a":0,"k":10,"ix":5},"lc":2,"lj":2,"bm":0,"nm":"Stroke 1","mn":"ADBE Vector Graphic - Stroke","hd":false,"_render":true},{"ty":"tr","p":{"a":0,"k":[0,0],"ix":2},"a":{"a":0,"k":[0,0],"ix":1},"s":{"a":0,"k":[100,100],"ix":3},"r":{"a":0,"k":0,"ix":6},"o":{"a":0,"k":100,"ix":7},"sk":{"a":0,"k":0,"ix":4},"sa":{"a":0,"k":0,"ix":5},"nm":"Transform","_render":true}],"nm":"Shape 1","np":3,"cix":2,"bm":0,"ix":2,"mn":"ADBE Vector Group","hd":false,"_render":true},{"ty":"gr","it":[{"ind":0,"ty":"sh","ix":1,"ks":{"a":0,"k":{"i":[[-84.631,-32],[-54.75,-23.381],[-60.609,7.323],[-45,13.625],[-60.625,40.25],[-100.375,32.125],[-79.217,11.143],[-93.25,-4.313000000000001]],"o":[[-63.369,-32],[-54.75,-3.984],[-69.456,11.405000000000001],[-48.75,33.875],[-88.376,40.25],[-104.375,13.25],[-87.822,6.478000000000001],[-93.25,-23.381]],"v":[[-74,-32],[-54.75,-12.75],[-68.625,11.021],[-43.935,27.259],[-74,40.25],[-105.002,26.948],[-80.268,10.573],[-93.25,-12.75]],"c":true},"ix":2},"nm":"Path 1","mn":"ADBE Vector Shape - Group","hd":false,"_render":true},{"ty":"fl","c":{"a":0,"k":[0.9922,0.949,0.9922,1],"ix":4},"o":{"a":0,"k":100,"ix":5},"r":1,"bm":0,"nm":"Fill 3","mn":"ADBE Vector Graphic - Fill","hd":false,"_render":true},{"d":1,"ty":"el","s":{"a":0,"k":[93.5,93.5],"ix":2},"p":{"a":0,"k":[-74,0],"ix":3},"nm":"Ellipse Path 2","mn":"ADBE Vector Shape - Ellipse","hd":false,"_render":true},{"ty":"fl","c":{"a":0,"k":[0.9505,0.8695,0.9505,1],"ix":4},"o":{"a":0,"k":100,"ix":5},"r":1,"bm":0,"nm":"Fill 2","mn":"ADBE Vector Graphic - Fill","hd":false,"_render":true},{"ty":"rc","d":1,"s":{"a":0,"k":[267.5,111],"ix":2},"p":{"a":0,"k":[0,0],"ix":3},"r":{"a":0,"k":10,"ix":4},"nm":"Rectangle Path 1","mn":"ADBE Vector Shape - Rect","hd":false,"_render":true},{"ty":"fl","c":{"a":0,"k":[0.9922,0.949,0.9922,1],"ix":4},"o":{"a":0,"k":100,"ix":5},"r":1,"bm":0,"nm":"Fill 1","mn":"ADBE Vector Graphic - Fill","hd":false,"_render":true},{"ty":"rc","d":1,"s":{"a":0,"k":[267.5,111],"ix":2},"p":{"a":0,"k":[-6,6],"ix":3},"r":{"a":0,"k":10,"ix":4},"nm":"Rectangle Path 2","mn":"ADBE Vector Shape - Rect","hd":false,"_render":true},{"ty":"fl","c":{"a":0,"k":[0.1255,0.1529,0.1725,1],"ix":4},"o":{"a":0,"k":17,"ix":5},"r":1,"bm":0,"nm":"Fill 4","mn":"ADBE Vector Graphic - Fill","hd":false,"_render":true},{"ty":"tr","p":{"a":0,"k":[200.25,-287],"ix":2},"a":{"a":0,"k":[0,0],"ix":1},"s":{"a":0,"k":[100,100],"ix":3},"r":{"a":0,"k":0,"ix":6},"o":{"a":0,"k":100,"ix":7},"sk":{"a":0,"k":0,"ix":4},"sa":{"a":0,"k":0,"ix":5},"nm":"Transform","_render":true}],"nm":"Rectangle 1","np":8,"cix":2,"bm":0,"ix":3,"mn":"ADBE Vector Group","hd":false,"_render":true}],"ip":0,"op":200,"st":0,"bm":0,"completed":true},{"ddd":0,"ind":5,"ty":4,"nm":"mail 6","parent":1,"sr":1,"ks":{"o":{"a":0,"k":100,"ix":11},"r":{"a":1,"k":[{"i":{"x":[0.667],"y":[1]},"o":{"x":[0.333],"y":[0]},"t":0,"s":[0]},{"i":{"x":[0.667],"y":[1]},"o":{"x":[0.333],"y":[0]},"t":22,"s":[15.427]},{"i":{"x":[0.667],"y":[1]},"o":{"x":[0.333],"y":[0]},"t":56,"s":[-12.946]},{"i":{"x":[0.667],"y":[1]},"o":{"x":[0.333],"y":[0]},"t":90,"s":[28.456]},{"i":{"x":[0.667],"y":[1]},"o":{"x":[0.333],"y":[0]},"t":126,"s":[-12.946]},{"i":{"x":[0.667],"y":[1]},"o":{"x":[0.333],"y":[0]},"t":167,"s":[24]},{"t":199,"s":[0]}],"ix":10},"p":{"a":1,"k":[{"i":{"x":0.833,"y":0.833},"o":{"x":0.167,"y":0.167},"t":0,"s":[-192.052,-110.008,0],"to":[2.552,4.383,0],"ti":[6.537,13.177,0]},{"i":{"x":0.833,"y":0.833},"o":{"x":0.167,"y":0.167},"t":51,"s":[-171.912,-105.677,0],"to":[-6.537,-13.177,0],"ti":[6.357,-1.675,0]},{"i":{"x":0.833,"y":0.833},"o":{"x":0.167,"y":0.167},"t":85,"s":[-191.107,-93.45,0],"to":[-6.357,1.675,0],"ti":[8.571,-10.521,0]},{"i":{"x":0.833,"y":0.833},"o":{"x":0.167,"y":0.167},"t":124,"s":[-212.946,-117.604,0],"to":[-8.571,10.521,0],"ti":[9.927,9.883,0]},{"i":{"x":0.833,"y":0.833},"o":{"x":0.167,"y":0.167},"t":163,"s":[-174.552,-122.008,0],"to":[-9.927,-9.883,0],"ti":[-4.323,-4.992,0]},{"t":199,"s":[-192.052,-110.008,0]}],"ix":2},"a":{"a":0,"k":[2153.478,680.843,0],"ix":1},"s":{"a":0,"k":[67,67,100],"ix":6}},"ao":0,"shapes":[{"ty":"gr","it":[{"ind":0,"ty":"sh","ix":1,"ks":{"a":0,"k":{"i":[[6.604,-0.329],[0.2060000000000004,13.668],[-11.391,10.469],[-4.459,-13.526],[7.404000000000001,-13.26]],"o":[[5.404,7.4030000000000005],[-9.123999999999999,13.668],[-11.391,-4.861],[6.071000000000001,-13.526],[8.47,-12.993]],"v":[[6.604,-0.329],[-4.726,13.668],[-11.391,5.403],[4.339,-13.526],[8.47,-12.993]],"c":true},"ix":2},"nm":"@","mn":"ADBE Vector Shape - Group","hd":false,"_render":true},{"ind":1,"ty":"sh","ix":2,"ks":{"a":0,"k":{"i":[[17.936,34.33],[5.405,38.596],[-35.519,25.932000000000002],[-17.656,-37.787],[34.598,-24.323999999999998],[27.398,15.739],[17.003,11.802],[22.335,-20.724],[12.337,-24.057],[-24.722,-9.260000000000002],[-18.456,24.332],[3.2720000000000002,20.867],[7.671,14.068],[12.87,24.332],[44.463,12.068],[27.666999999999998,-45.919],[-45.65,-22.323999999999998],[-26.186999999999998,46.861],[12.337,45.661]],"o":[[12.603,37.129],[-21.255,38.596],[-35.519,-21.790999999999997],[23.402,-37.787],[34.598,8.336],[17.936,15.401],[18.336,3.937],[19.002000000000002,-22.59],[-12.724,-24.057],[-24.722,17.933999999999997],[-2.726,24.332],[7.405,14.068],[8.338000000000001,21.133],[33.532,24.332],[44.463,-29.789],[-25.921,-45.919],[-45.65,30.998],[5.405,46.861],[20.335,42.062]],"v":[[17.936,34.33],[-1.393,38.596],[-35.519,3.67],[2.74,-37.787],[34.598,-6.994],[21.668,15.534],[18.336,3.937],[22.335,-20.724],[6.472,-24.057],[-24.722,7.003],[-9.791,24.332],[7.405,14.068],[7.671,14.068],[19.136,24.332],[44.463,-7.394],[4.206,-45.919],[-45.65,4.87],[-4.06,46.861],[20.335,42.062]],"c":true},"ix":2},"nm":"@ 2","mn":"ADBE Vector Shape - Group","hd":false,"_render":true},{"ty":"fl","c":{"a":0,"k":[0.9448,0.4995,0.1352,1],"ix":4},"o":{"a":0,"k":100,"ix":5},"r":1,"bm":0,"nm":"Fill 3","mn":"ADBE Vector Graphic - Fill","hd":false,"_render":true},{"d":1,"ty":"el","s":{"a":0,"k":[126.905,126.905],"ix":2},"p":{"a":0,"k":[0,0],"ix":3},"nm":"Ellipse Path 1","mn":"ADBE Vector Shape - Ellipse","hd":false,"_render":true},{"ty":"fl","c":{"a":0,"k":[0.9432,0.8968,0.9432,1],"ix":4},"o":{"a":0,"k":100,"ix":5},"r":1,"bm":0,"nm":"Fill 2","mn":"ADBE Vector Graphic - Fill","hd":false,"_render":true},{"ty":"tr","p":{"a":0,"k":[2140.425,652.021],"ix":2},"a":{"a":0,"k":[0,0],"ix":1},"s":{"a":0,"k":[100,100],"ix":3},"r":{"a":0,"k":0,"ix":6},"o":{"a":0,"k":100,"ix":7},"sk":{"a":0,"k":0,"ix":4},"sa":{"a":0,"k":0,"ix":5},"nm":"Transform","_render":true}],"nm":"Group 5","np":5,"cix":2,"bm":0,"ix":1,"mn":"ADBE Vector Group","hd":false,"_render":true},{"ty":"gr","it":[{"d":1,"ty":"el","s":{"a":0,"k":[126.905,126.905],"ix":2},"p":{"a":0,"k":[-4,11],"ix":3},"nm":"Ellipse Path 1","mn":"ADBE Vector Shape - Ellipse","hd":false,"_render":true},{"ty":"fl","c":{"a":0,"k":[1,0.5569,0.2275,1],"ix":4},"o":{"a":0,"k":18,"ix":5},"r":1,"bm":0,"nm":"Fill 2","mn":"ADBE Vector Graphic - Fill","hd":false,"_render":true},{"ty":"tr","p":{"a":0,"k":[2140.425,652.021],"ix":2},"a":{"a":0,"k":[0,0],"ix":1},"s":{"a":0,"k":[100,100],"ix":3},"r":{"a":0,"k":0,"ix":6},"o":{"a":0,"k":100,"ix":7},"sk":{"a":0,"k":0,"ix":4},"sa":{"a":0,"k":0,"ix":5},"nm":"Transform","_render":true}],"nm":"Group 4","np":2,"cix":2,"bm":0,"ix":2,"mn":"ADBE Vector Group","hd":false,"_render":true}],"ip":0,"op":200,"st":0,"bm":0,"completed":true},{"ddd":0,"ind":6,"ty":4,"nm":"mail 3","parent":1,"sr":1,"ks":{"o":{"a":0,"k":99,"ix":11},"r":{"a":0,"k":0,"ix":10},"p":{"a":0,"k":[183.055,-315.211,0],"ix":2},"a":{"a":0,"k":[2153.478,680.843,0],"ix":1},"s":{"a":0,"k":[56,56,100],"ix":6}},"ao":0,"shapes":[{"ty":"gr","it":[{"ind":0,"ty":"sh","ix":1,"ks":{"a":1,"k":[{"i":{"x":0.833,"y":0.833},"o":{"x":1,"y":0},"t":5,"s":[{"i":[[13.179,33.31],[-77.569,11.350000000000001],[-77.181,7.901],[-73.349,2.004],[66.005,-41.368],[71.905,-41.811],[76.226,-38.949000000000005],[24.243000000000002,21.976999999999997]],"o":[[-1.061,29.871000000000002],[-77.456,9.078000000000001],[-75.589,4.159000000000001],[-70.385,1.081],[68.905,-42.27],[75.321,-39.736999999999995],[77.675,-37.137],[14.305,32.958999999999996]],"v":[[11.967,33.017],[-77.516,10.287],[-76.716,6.809],[-70.385,1.081],[66.005,-41.368],[74.313,-40.349],[76.976,-38.011],[15.15,32.025]],"c":true}]},{"i":{"x":0.833,"y":0.833},"o":{"x":0.167,"y":0.167},"t":10,"s":[{"i":[[5.452999999999999,8.503],[-61.00399999999999,5.279999999999999],[-75.434,7.043],[-72.978,3.197],[66.374,-40.184],[70.562,-40.868],[73.83500000000001,-38.766],[17.686999999999998,0.9279999999999999]],"o":[[-7.619,8.815999999999999],[-74.85,7.676],[-74.298,4.475],[-70.014,2.274],[69.274,-41.086999999999996],[73.721,-39.62],[60.97800000000001,-32.828],[6.577999999999999,8.152000000000001]],"v":[[4.34,8.53],[-73.957,7.989],[-75.054,6.191],[-70.014,2.274],[66.374,-40.184],[72.789,-39.988],[73.406,-38.058],[7.523,7.538]],"c":true}]},{"i":{"x":0.833,"y":0.833},"o":{"x":0.167,"y":0.167},"t":11,"s":[{"i":[[-3.3569999999999993,-19.782],[-49.484,-5.42],[-75.204,2.585],[-73.349,2.004],[65.996,-41.397],[68.80799999999999,-42.273],[70.6,-42.827000000000005],[9.946,-23.927]],"o":[[-15.362,-16.043999999999997],[-74.09400000000001,2.241],[-74.042,2.2199999999999998],[-70.385,1.081],[68.895,-42.3],[71.334,-43.057],[45.757999999999996,-35.086000000000006],[-2.232,-20.133]],"v":[[-4.379,-19.464],[-72.465,1.734],[-74.732,2.437],[-70.385,1.081],[65.996,-41.397],[70.589,-42.826],[69.196,-42.389],[-1.196,-20.456]],"c":true}]},{"i":{"x":0.833,"y":0.833},"o":{"x":0.167,"y":0.167},"t":12,"s":[{"i":[[-73.926,5.759],[-73.931,5.769],[-73.93400000000001,5.776999999999999],[-73.933,5.781],[-73.908,5.773],[-73.907,5.773],[-73.909,5.767],[-73.923,5.759]],"o":[[-73.928,5.761],[-73.934,5.774],[-73.932,5.779999999999999],[-73.932,5.781],[-73.907,5.773],[-73.908,5.768999999999999],[-73.914,5.764],[-73.925,5.759]],"v":[[-73.926,5.759],[-73.934,5.774],[-73.933,5.778],[-73.932,5.781],[-73.908,5.773],[-73.908,5.77],[-73.909,5.767],[-73.925,5.759]],"c":true}]},{"i":{"x":0.833,"y":0.833},"o":{"x":0.167,"y":0.167},"t":87,"s":[{"i":[[-73.926,5.759],[-73.931,5.769],[-73.93400000000001,5.776999999999999],[-73.932,5.781],[-73.908,5.773],[-73.907,5.773],[-73.909,5.767],[-73.923,5.759]],"o":[[-73.927,5.761],[-73.934,5.774],[-73.932,5.779999999999999],[-73.932,5.781],[-73.908,5.773],[-73.908,5.768999999999999],[-73.914,5.764],[-73.925,5.759]],"v":[[-73.926,5.759],[-73.934,5.774],[-73.933,5.778],[-73.932,5.781],[-73.908,5.773],[-73.908,5.77],[-73.909,5.767],[-73.925,5.759]],"c":true}]},{"i":{"x":0.833,"y":0.833},"o":{"x":0.167,"y":0.167},"t":88,"s":[{"i":[[-3.3569999999999993,-19.782],[-49.484,-5.42],[-75.204,2.585],[-73.349,2.004],[65.996,-41.397],[68.80799999999999,-42.274],[70.601,-42.827000000000005],[9.946,-23.927]],"o":[[-15.362,-16.043999999999997],[-74.09400000000001,2.241],[-74.042,2.2199999999999998],[-70.385,1.081],[68.895,-42.3],[71.334,-43.057],[45.759,-35.086000000000006],[-2.232,-20.133]],"v":[[-4.379,-19.464],[-72.465,1.734],[-74.732,2.437],[-70.385,1.081],[65.996,-41.397],[70.589,-42.826],[69.197,-42.389],[-1.196,-20.456]],"c":true}]},{"i":{"x":0,"y":1},"o":{"x":0.167,"y":0.167},"t":89,"s":[{"i":[[5.452999999999999,8.503],[-61.00399999999999,5.279999999999999],[-75.434,7.043],[-72.978,3.197],[66.374,-40.184],[70.562,-40.868],[73.83500000000001,-38.766],[17.686999999999998,0.9279999999999999]],"o":[[-7.619,8.815999999999999],[-74.85,7.676],[-74.298,4.475],[-70.014,2.274],[69.274,-41.086999999999996],[73.721,-39.62],[60.97800000000001,-32.828],[6.577999999999999,8.152000000000001]],"v":[[4.34,8.53],[-73.957,7.989],[-75.054,6.191],[-70.014,2.274],[66.374,-40.184],[72.789,-39.988],[73.406,-38.058],[7.523,7.538]],"c":true}]},{"i":{"x":0.833,"y":1},"o":{"x":0.167,"y":0},"t":94,"s":[{"i":[[13.179,33.31],[-77.56800000000001,11.350000000000001],[-77.181,7.901],[-73.349,2.004],[66.005,-41.368],[71.905,-41.811],[76.226,-38.949000000000005],[24.243000000000002,21.976999999999997]],"o":[[-1.061,29.871000000000002],[-77.456,9.078000000000001],[-75.589,4.159000000000001],[-70.385,1.081],[68.905,-42.27],[75.321,-39.736999999999995],[77.675,-37.137],[14.305,32.958999999999996]],"v":[[11.967,33.017],[-77.516,10.287],[-76.716,6.809],[-70.385,1.081],[66.005,-41.368],[74.313,-40.349],[76.976,-38.011],[15.15,32.025]],"c":true}]},{"i":{"x":0.833,"y":0.833},"o":{"x":1,"y":0},"t":106,"s":[{"i":[[13.179,33.31],[-77.56800000000001,11.350000000000001],[-77.181,7.901],[-73.349,2.004],[66.005,-41.368],[71.905,-41.811],[76.226,-38.949000000000005],[24.243000000000002,21.976999999999997]],"o":[[-1.061,29.871000000000002],[-77.456,9.078000000000001],[-75.589,4.159000000000001],[-70.385,1.081],[68.905,-42.27],[75.321,-39.736999999999995],[77.675,-37.137],[14.305,32.958999999999996]],"v":[[11.967,33.017],[-77.516,10.287],[-76.716,6.809],[-70.385,1.081],[66.005,-41.368],[74.313,-40.349],[76.976,-38.011],[15.15,32.025]],"c":true}]},{"i":{"x":0.833,"y":0.833},"o":{"x":0.167,"y":0.167},"t":111,"s":[{"i":[[5.452999999999999,8.503],[-61.00399999999999,5.279999999999999],[-75.434,7.043],[-72.978,3.197],[66.374,-40.184],[70.562,-40.868],[73.83500000000001,-38.766],[17.686999999999998,0.9279999999999999]],"o":[[-7.619,8.815999999999999],[-74.85,7.676],[-74.298,4.475],[-70.014,2.274],[69.274,-41.086999999999996],[73.721,-39.62],[60.97800000000001,-32.828],[6.577999999999999,8.152000000000001]],"v":[[4.34,8.53],[-73.957,7.989],[-75.054,6.191],[-70.014,2.274],[66.374,-40.184],[72.789,-39.988],[73.406,-38.058],[7.523,7.538]],"c":true}]},{"i":{"x":0.833,"y":0.833},"o":{"x":0.167,"y":0.167},"t":112,"s":[{"i":[[-3.3569999999999993,-19.782],[-49.484,-5.42],[-75.204,2.585],[-73.349,2.004],[65.996,-41.397],[68.80799999999999,-42.274],[70.601,-42.827000000000005],[9.946,-23.927]],"o":[[-15.362,-16.043999999999997],[-74.09400000000001,2.241],[-74.042,2.2199999999999998],[-70.385,1.081],[68.895,-42.3],[71.334,-43.057],[45.759,-35.086000000000006],[-2.232,-20.133]],"v":[[-4.379,-19.464],[-72.465,1.734],[-74.732,2.437],[-70.385,1.081],[65.996,-41.397],[70.589,-42.826],[69.197,-42.389],[-1.196,-20.456]],"c":true}]},{"i":{"x":0.833,"y":0.833},"o":{"x":0.167,"y":0.167},"t":113,"s":[{"i":[[-73.926,5.759],[-73.931,5.769],[-73.93400000000001,5.776999999999999],[-73.932,5.781],[-73.908,5.773],[-73.907,5.773],[-73.909,5.767],[-73.923,5.759]],"o":[[-73.927,5.761],[-73.934,5.774],[-73.932,5.779999999999999],[-73.932,5.781],[-73.908,5.773],[-73.908,5.768999999999999],[-73.914,5.764],[-73.925,5.759]],"v":[[-73.926,5.759],[-73.934,5.774],[-73.933,5.778],[-73.932,5.781],[-73.908,5.773],[-73.908,5.77],[-73.909,5.767],[-73.925,5.759]],"c":true}]},{"i":{"x":0.833,"y":0.833},"o":{"x":0.167,"y":0.167},"t":188,"s":[{"i":[[-73.926,5.759],[-73.931,5.769],[-73.93400000000001,5.776999999999999],[-73.932,5.781],[-73.908,5.773],[-73.907,5.773],[-73.909,5.767],[-73.923,5.759]],"o":[[-73.927,5.761],[-73.934,5.774],[-73.932,5.779999999999999],[-73.932,5.781],[-73.908,5.773],[-73.908,5.768999999999999],[-73.914,5.764],[-73.925,5.759]],"v":[[-73.926,5.759],[-73.934,5.774],[-73.933,5.778],[-73.932,5.781],[-73.908,5.773],[-73.908,5.77],[-73.909,5.767],[-73.925,5.759]],"c":true}]},{"i":{"x":0.833,"y":0.833},"o":{"x":0.167,"y":0.167},"t":189,"s":[{"i":[[-3.3569999999999993,-19.782],[-49.484,-5.42],[-75.204,2.585],[-73.349,2.004],[65.996,-41.397],[68.80799999999999,-42.274],[70.601,-42.827000000000005],[9.946,-23.927]],"o":[[-15.362,-16.043999999999997],[-74.09400000000001,2.241],[-74.042,2.2199999999999998],[-70.385,1.081],[68.895,-42.3],[71.334,-43.057],[45.759,-35.086000000000006],[-2.232,-20.133]],"v":[[-4.379,-19.464],[-72.465,1.734],[-74.732,2.437],[-70.385,1.081],[65.996,-41.397],[70.589,-42.826],[69.197,-42.389],[-1.196,-20.456]],"c":true}]},{"i":{"x":0,"y":1},"o":{"x":0.167,"y":0.167},"t":190,"s":[{"i":[[5.452999999999999,8.503],[-61.00399999999999,5.279999999999999],[-75.434,7.043],[-72.978,3.197],[66.374,-40.184],[70.562,-40.868],[73.83500000000001,-38.766],[17.686999999999998,0.9279999999999999]],"o":[[-7.619,8.815999999999999],[-74.85,7.676],[-74.298,4.475],[-70.014,2.274],[69.274,-41.086999999999996],[73.721,-39.62],[60.97800000000001,-32.828],[6.577999999999999,8.152000000000001]],"v":[[4.34,8.53],[-73.957,7.989],[-75.054,6.191],[-70.014,2.274],[66.374,-40.184],[72.789,-39.988],[73.406,-38.058],[7.523,7.538]],"c":true}]},{"t":195,"s":[{"i":[[13.179,33.31],[-77.56800000000001,11.350000000000001],[-77.181,7.901],[-73.349,2.004],[66.005,-41.368],[71.905,-41.811],[76.226,-38.949000000000005],[24.243000000000002,21.976999999999997]],"o":[[-1.061,29.871000000000002],[-77.456,9.078000000000001],[-75.589,4.159000000000001],[-70.385,1.081],[68.905,-42.27],[75.321,-39.736999999999995],[77.675,-37.137],[14.305,32.958999999999996]],"v":[[11.967,33.017],[-77.516,10.287],[-76.716,6.809],[-70.385,1.081],[66.005,-41.368],[74.313,-40.349],[76.976,-38.011],[15.15,32.025]],"c":true}]}],"ix":2},"nm":"Path 6","mn":"ADBE Vector Shape - Group","hd":false,"_render":true},{"ty":"fl","c":{"a":0,"k":[0.839,0.5001,0.241,1],"ix":4},"o":{"a":1,"k":[{"i":{"x":[0.833],"y":[0.833]},"o":{"x":[0.167],"y":[0.167]},"t":10,"s":[100]},{"i":{"x":[0.833],"y":[0.833]},"o":{"x":[0.167],"y":[0.167]},"t":11,"s":[0]},{"i":{"x":[0.833],"y":[0.833]},"o":{"x":[0.167],"y":[0.167]},"t":87,"s":[0]},{"i":{"x":[0.833],"y":[0.833]},"o":{"x":[0.167],"y":[0.167]},"t":88,"s":[100]},{"i":{"x":[0.833],"y":[0.833]},"o":{"x":[0.167],"y":[0.167]},"t":111,"s":[100]},{"i":{"x":[0.833],"y":[0.833]},"o":{"x":[0.167],"y":[0.167]},"t":112,"s":[0]},{"i":{"x":[0.833],"y":[0.833]},"o":{"x":[0.167],"y":[0.167]},"t":188,"s":[0]},{"t":189,"s":[100]}],"ix":5},"r":1,"bm":0,"nm":"Fill 6","mn":"ADBE Vector Graphic - Fill","hd":false,"_render":true},{"ind":2,"ty":"sh","ix":3,"ks":{"a":0,"k":{"i":[[103.625,47.302],[100.685,55.257],[-39.905,99.014],[-48.565,98.739],[5.902,26.402],[8.552999999999999,23.278],[17.541,22.927]],"o":[[103.445,51.464],[96.485,56.565],[-44.125,100.329],[-51.065,95.387],[5.902,26.402],[13.987,21.652],[17.541,22.927]],"v":[[103.625,47.302],[96.485,56.565],[-39.905,99.014],[-51.065,95.387],[5.902,26.402],[11.27,22.465],[17.541,22.927]],"c":true},"ix":2},"nm":"Path 5","mn":"ADBE Vector Shape - Group","hd":false,"_render":true},{"ty":"fl","c":{"a":0,"k":[0.839,0.5001,0.241,1],"ix":4},"o":{"a":0,"k":100,"ix":5},"r":1,"bm":0,"nm":"Fill 5","mn":"ADBE Vector Graphic - Fill","hd":false,"_render":true},{"ind":4,"ty":"sh","ix":5,"ks":{"a":0,"k":{"i":[[103.573,47.134],[100.685,55.257],[-39.905,99.013],[-48.588,98.667],[5.469,25.011],[8.103,21.832],[17.108,21.54]],"o":[[103.42399999999999,51.394],[96.485,56.565],[-44.125,100.328],[-51.118,95.217],[5.469,25.011],[13.537,20.208],[17.108,21.54]],"v":[[103.573,47.134],[96.485,56.565],[-39.905,99.013],[-51.118,95.217],[5.469,25.011],[10.82,21.02],[17.108,21.54]],"c":true},"ix":2},"nm":"Path 2","mn":"ADBE Vector Shape - Group","hd":false,"_render":true},{"ty":"fl","c":{"a":0,"k":[0.2139,0.326,0.4061,1],"ix":4},"o":{"a":0,"k":30,"ix":5},"r":1,"bm":0,"nm":"Fill 2","mn":"ADBE Vector Graphic - Fill","hd":false,"_render":true},{"ind":6,"ty":"sh","ix":7,"ks":{"a":0,"k":{"i":[[77.268,-39.344],[103.175,43.824],[103.675,46.16],[100.685,55.257],[-39.905,99.014],[-48.565,98.739],[-52.275,93.454],[-76.841,14.537],[-74.70299999999999,6.061],[12.317,29.181],[68.061,-34.766]],"o":[[78.958,-33.99],[103.535,44.980999999999995],[103.445,51.464],[96.485,56.565],[-44.125,100.329],[-51.745,94.484],[-52.635,92.318],[-78.511,9.165000000000001],[-68.329,7.683],[12.317,29.181],[72.2,-39.379]],"v":[[78.958,-33.99],[103.175,43.824],[103.625,47.302],[96.485,56.565],[-39.905,99.014],[-51.065,95.387],[-52.635,92.318],[-76.841,14.537],[-68.329,7.683],[12.317,29.181],[68.061,-34.766]],"c":true},"ix":2},"nm":"Path 3","mn":"ADBE Vector Shape - Group","hd":false,"_render":true},{"ty":"fl","c":{"a":0,"k":[0.839,0.5001,0.241,1],"ix":4},"o":{"a":0,"k":100,"ix":5},"r":1,"bm":0,"nm":"Fill 4","mn":"ADBE Vector Graphic - Fill","hd":false,"_render":true},{"ty":"tr","p":{"a":0,"k":[1801.139,934.164],"ix":2},"a":{"a":0,"k":[0,0],"ix":1},"s":{"a":0,"k":[594,594],"ix":3},"r":{"a":0,"k":17.3,"ix":6},"o":{"a":0,"k":100,"ix":7},"sk":{"a":0,"k":0,"ix":4},"sa":{"a":0,"k":0,"ix":5},"nm":"Transform","_render":true}],"nm":"front","np":8,"cix":2,"bm":0,"ix":1,"mn":"ADBE Vector Group","hd":false,"_render":true},{"ty":"gr","it":[{"ty":"gr","it":[{"it":[{"ind":0,"ty":"sh","ix":1,"ks":{"a":0,"k":{"i":[[1741.752,1155.556],[1787.515,1141.378]],"o":[[1741.752,1155.556],[1787.515,1141.378]],"v":[[1741.752,1155.556],[1787.515,1141.378]],"c":false},"ix":2},"nm":"Path 6","mn":"ADBE Vector Shape - Group","hd":false,"_render":true,"_processed":false},{"ind":1,"ty":"sh","ix":2,"ks":{"a":0,"k":{"i":[[1746.435,1170.589],[1844.124,1140.151]],"o":[[1746.435,1170.589],[1844.124,1140.151]],"v":[[1746.435,1170.589],[1844.124,1140.151]],"c":false},"ix":2},"nm":"Path 5","mn":"ADBE Vector Shape - Group","hd":false,"_render":true,"_processed":false},{"a":{"a":0,"ix":1,"k":[0,0]},"nm":"Transform","o":{"a":0,"ix":7,"k":100},"p":{"a":0,"ix":2,"k":[0,0]},"r":{"a":1,"ix":6,"k":[{"s":0,"e":0,"t":0},{"s":0,"e":0,"t":1}]},"s":{"a":0,"ix":3,"k":[100,100]},"sa":{"a":0,"ix":5,"k":0},"sk":{"a":0,"ix":4,"k":0},"ty":"tr","_render":true}],"ty":"gr","_render":true},{"it":[{"ind":0,"ty":"sh","ix":1,"ks":{"a":0,"k":{"i":[[1741.752,1155.556],[1787.515,1141.378]],"o":[[1741.752,1155.556],[1787.515,1141.378]],"v":[[1741.752,1155.556],[1787.515,1141.378]],"c":false},"ix":2},"nm":"Path 6","mn":"ADBE Vector Shape - Group","hd":false,"_render":true,"_processed":false},{"ind":1,"ty":"sh","ix":2,"ks":{"a":0,"k":{"i":[[1746.435,1170.589],[1844.124,1140.151]],"o":[[1746.435,1170.589],[1844.124,1140.151]],"v":[[1746.435,1170.589],[1844.124,1140.151]],"c":false},"ix":2},"nm":"Path 5","mn":"ADBE Vector Shape - Group","hd":false,"_render":true,"_processed":false},{"a":{"a":0,"ix":1,"k":[0,0]},"nm":"Transform","o":{"a":0,"ix":7,"k":100},"p":{"a":0,"ix":2,"k":[0,0]},"r":{"a":1,"ix":6,"k":[{"s":0,"e":0,"t":0},{"s":0,"e":0,"t":1}]},"s":{"a":0,"ix":3,"k":[100,100]},"sa":{"a":0,"ix":5,"k":0},"sk":{"a":0,"ix":4,"k":0},"ty":"tr","_render":true}],"ty":"gr","_render":true},{"it":[{"ind":0,"ty":"sh","ix":1,"ks":{"a":0,"k":{"i":[[1741.752,1155.556],[1787.515,1141.378]],"o":[[1741.752,1155.556],[1787.515,1141.378]],"v":[[1741.752,1155.556],[1787.515,1141.378]],"c":false},"ix":2},"nm":"Path 6","mn":"ADBE Vector Shape - Group","hd":false,"_render":true,"_processed":false},{"ind":1,"ty":"sh","ix":2,"ks":{"a":0,"k":{"i":[[1746.435,1170.589],[1844.124,1140.151]],"o":[[1746.435,1170.589],[1844.124,1140.151]],"v":[[1746.435,1170.589],[1844.124,1140.151]],"c":false},"ix":2},"nm":"Path 5","mn":"ADBE Vector Shape - Group","hd":false,"_render":true,"_processed":false},{"a":{"a":0,"ix":1,"k":[0,0]},"nm":"Transform","o":{"a":0,"ix":7,"k":100},"p":{"a":0,"ix":2,"k":[0,0]},"r":{"a":1,"ix":6,"k":[{"s":0,"e":0,"t":0},{"s":0,"e":0,"t":1}]},"s":{"a":0,"ix":3,"k":[100,100]},"sa":{"a":0,"ix":5,"k":0},"sk":{"a":0,"ix":4,"k":0},"ty":"tr","_render":true}],"ty":"gr","_render":true},{"it":[{"ind":0,"ty":"sh","ix":1,"ks":{"a":0,"k":{"i":[[1741.752,1155.556],[1787.515,1141.378]],"o":[[1741.752,1155.556],[1787.515,1141.378]],"v":[[1741.752,1155.556],[1787.515,1141.378]],"c":false},"ix":2},"nm":"Path 6","mn":"ADBE Vector Shape - Group","hd":false,"_render":true,"_processed":false},{"ind":1,"ty":"sh","ix":2,"ks":{"a":0,"k":{"i":[[1746.435,1170.589],[1844.124,1140.151]],"o":[[1746.435,1170.589],[1844.124,1140.151]],"v":[[1746.435,1170.589],[1844.124,1140.151]],"c":false},"ix":2},"nm":"Path 5","mn":"ADBE Vector Shape - Group","hd":false,"_render":true,"_processed":false},{"a":{"a":0,"ix":1,"k":[0,0]},"nm":"Transform","o":{"a":0,"ix":7,"k":100},"p":{"a":0,"ix":2,"k":[0,0]},"r":{"a":1,"ix":6,"k":[{"s":0,"e":0,"t":0},{"s":0,"e":0,"t":1}]},"s":{"a":0,"ix":3,"k":[100,100]},"sa":{"a":0,"ix":5,"k":0},"sk":{"a":0,"ix":4,"k":0},"ty":"tr","_render":true}],"ty":"gr","_render":true},{"ind":0,"ty":"sh","ix":1,"ks":{"a":0,"k":{"i":[[1741.752,1155.556],[1787.515,1141.378]],"o":[[1741.752,1155.556],[1787.515,1141.378]],"v":[[1741.752,1155.556],[1787.515,1141.378]],"c":false},"ix":2},"nm":"Path 6","mn":"ADBE Vector Shape - Group","hd":false,"_render":false},{"ind":1,"ty":"sh","ix":2,"ks":{"a":0,"k":{"i":[[1746.435,1170.589],[1844.124,1140.151]],"o":[[1746.435,1170.589],[1844.124,1140.151]],"v":[[1746.435,1170.589],[1844.124,1140.151]],"c":false},"ix":2},"nm":"Path 5","mn":"ADBE Vector Shape - Group","hd":false,"_render":false},{"ty":"rp","c":{"a":0,"k":4,"ix":1},"o":{"a":0,"k":0,"ix":2},"m":1,"ix":3,"tr":{"ty":"tr","p":{"a":0,"k":[5,15],"ix":2},"a":{"a":0,"k":[0,0],"ix":1},"s":{"a":0,"k":[100,100],"ix":3},"r":{"a":0,"k":0,"ix":4},"so":{"a":0,"k":100,"ix":5},"eo":{"a":0,"k":100,"ix":6},"nm":"Transform"},"nm":"Repeater 1","mn":"ADBE Vector Filter - Repeater","hd":false,"_render":true},{"ty":"tm","s":{"a":0,"k":0,"ix":1},"e":{"a":1,"k":[{"i":{"x":[0.667],"y":[1]},"o":{"x":[0.333],"y":[0]},"t":17,"s":[0]},{"i":{"x":[0.667],"y":[1]},"o":{"x":[0.167],"y":[0]},"t":46,"s":[100]},{"i":{"x":[0.833],"y":[1]},"o":{"x":[0.167],"y":[0]},"t":105,"s":[100]},{"i":{"x":[0.833],"y":[1]},"o":{"x":[0.333],"y":[0]},"t":106,"s":[0]},{"i":{"x":[0.667],"y":[1]},"o":{"x":[0.333],"y":[0]},"t":118,"s":[0]},{"t":147,"s":[100]}],"ix":2},"o":{"a":0,"k":0,"ix":3},"m":2,"ix":4,"nm":"Trim Paths 1","mn":"ADBE Vector Filter - Trim","hd":false,"_render":true},{"ty":"st","c":{"a":0,"k":[0.5982,0.5889,0.5818,1],"ix":3},"o":{"a":0,"k":100,"ix":4},"w":{"a":0,"k":5,"ix":5},"lc":2,"lj":2,"bm":0,"nm":"Stroke 1","mn":"ADBE Vector Graphic - Stroke","hd":false,"_render":true},{"ty":"tr","p":{"a":0,"k":[-1792,-1153],"ix":2},"a":{"a":0,"k":[0,0],"ix":1},"s":{"a":0,"k":[100,100],"ix":3},"r":{"a":0,"k":0,"ix":6},"o":{"a":0,"k":100,"ix":7},"sk":{"a":0,"k":0,"ix":4},"sa":{"a":0,"k":0,"ix":5},"nm":"Transform","_render":true}],"nm":"Group 2","np":5,"cix":2,"bm":0,"ix":1,"mn":"ADBE Vector Group","hd":false,"_render":true},{"ty":"gr","it":[{"ind":0,"ty":"sh","ix":1,"ks":{"a":0,"k":{"i":[[1860.056,1108.059],[1886.121,1191.558],[1885.214,1199.173],[1753.446,1240.409],[1745.8300000000002,1239.5030000000002],[1719.765,1156.005],[1720.672,1148.3890000000001],[1852.441,1107.153]],"o":[[1861.208,1111.749],[1887.2730000000001,1195.248],[1881.524,1200.325],[1749.7559999999999,1241.5610000000001],[1744.678,1235.813],[1718.613,1152.315],[1724.362,1147.237],[1856.131,1106.001]],"v":[[1861.208,1111.749],[1886.121,1191.558],[1881.524,1200.325],[1753.446,1240.409],[1744.678,1235.813],[1719.765,1156.005],[1724.362,1147.237],[1852.441,1107.153]],"c":true},"ix":2},"nm":"Path 5","mn":"ADBE Vector Shape - Group","hd":false,"_render":true},{"ty":"fl","c":{"a":0,"k":[0.986,0.934,0.986,1],"ix":4},"o":{"a":0,"k":100,"ix":5},"r":1,"bm":0,"nm":"Fill 3","mn":"ADBE Vector Graphic - Fill","hd":false,"_render":true},{"ty":"tr","p":{"a":0,"k":[-1792,-1153],"ix":2},"a":{"a":0,"k":[0,0],"ix":1},"s":{"a":0,"k":[100,100],"ix":3},"r":{"a":0,"k":0,"ix":6},"o":{"a":0,"k":100,"ix":7},"sk":{"a":0,"k":0,"ix":4},"sa":{"a":0,"k":0,"ix":5},"nm":"Transform","_render":true}],"nm":"Group 1","np":2,"cix":2,"bm":0,"ix":2,"mn":"ADBE Vector Group","hd":false,"_render":true},{"ty":"tr","p":{"a":1,"k":[{"i":{"x":0,"y":1},"o":{"x":0.333,"y":0},"t":14,"s":[1801.139,977.164],"to":null,"ti":null},{"t":29,"s":[1801.139,764.164],"h":1},{"i":{"x":0,"y":1},"o":{"x":0.333,"y":0},"t":72,"s":[1801.139,764.164],"to":null,"ti":null},{"i":{"x":0.833,"y":1},"o":{"x":0.167,"y":0},"t":87,"s":[1801.139,977.164],"to":[0,35.5],"ti":[0,0]},{"i":{"x":0,"y":1},"o":{"x":0.333,"y":0},"t":115,"s":[1801.139,977.164],"to":null,"ti":null},{"t":130,"s":[1801.139,764.164],"h":1},{"i":{"x":0,"y":1},"o":{"x":0.333,"y":0},"t":173,"s":[1801.139,764.164],"to":null,"ti":null},{"t":188,"s":[1801.139,977.164]}],"ix":2},"a":{"a":0,"k":[0,0],"ix":1},"s":{"a":0,"k":[594,594],"ix":3},"r":{"a":0,"k":17.3,"ix":6},"o":{"a":0,"k":100,"ix":7},"sk":{"a":0,"k":0,"ix":4},"sa":{"a":0,"k":0,"ix":5},"nm":"Transform","_render":true}],"nm":"Group 5","np":2,"cix":2,"bm":0,"ix":2,"mn":"ADBE Vector Group","hd":false,"_render":true},{"ty":"gr","it":[{"ind":0,"ty":"sh","ix":1,"ks":{"a":1,"k":[{"i":{"x":0.833,"y":0.833},"o":{"x":0.167,"y":0.167},"t":10,"s":[{"i":[[77.977,-37.111],[103.175,43.824],[103.675,46.16],[100.685,55.257],[-39.905,99.014],[-48.565,98.739],[-52.275,93.454],[-77.065,13.819],[-77.42,9.933],[-21.425,-10.036],[-2.1750000000000003,-16.819999999999997],[72.32600000000001,-41.594]],"o":[[78.735,-34.708],[103.535,44.980999999999995],[103.445,51.464],[96.485,56.565],[-44.125,100.329],[-51.745,94.484],[-52.635,92.318],[-77.77199999999999,11.546000000000001],[-75.699,5.435],[-4.7379999999999995,-16.02],[15.009,-21.397],[76.413,-39.034000000000006]],"v":[[78.735,-34.708],[103.175,43.824],[103.625,47.302],[96.485,56.565],[-39.905,99.014],[-51.065,95.387],[-52.635,92.318],[-77.065,13.819],[-76.632,7.874],[-6.935,-15.232],[0.09,-17.423],[74.435,-40.273]],"c":true}]},{"i":{"x":0,"y":1},"o":{"x":0.167,"y":0.167},"t":11,"s":[{"i":[[77.977,-37.111],[103.175,43.824],[103.675,46.16],[100.685,55.257],[-39.905,99.014],[-48.565,98.739],[-52.275,93.454],[-77.065,13.819],[-77.42,9.933],[-25.417,-25.585],[-6.732,-34.186],[72.32600000000001,-41.594]],"o":[[78.735,-34.708],[103.535,44.980999999999995],[103.445,51.464],[96.485,56.565],[-44.125,100.329],[-51.745,94.484],[-52.635,92.318],[-77.77199999999999,11.546000000000001],[-75.699,5.435],[-9.296,-33.384],[11.008,-36.974],[76.413,-39.034000000000006]],"v":[[78.735,-34.708],[103.175,43.824],[103.625,47.302],[96.485,56.565],[-39.905,99.014],[-51.065,95.387],[-52.635,92.318],[-77.065,13.819],[-76.632,7.874],[-11.418,-32.357],[-4.394,-34.553],[74.435,-40.273]],"c":true}]},{"i":{"x":0,"y":1},"o":{"x":0.333,"y":0},"t":18,"s":[{"i":[[77.977,-37.111],[103.175,43.824],[103.675,46.16],[100.685,55.257],[-39.905,99.014],[-48.565,98.739],[-52.275,93.454],[-77.065,13.819],[-77.42,9.933],[-32.509,-52.695],[-16.872,-71.08200000000001],[72.32600000000001,-41.594]],"o":[[78.735,-34.708],[103.535,44.980999999999995],[103.445,51.464],[96.485,56.565],[-44.125,100.329],[-51.745,94.484],[-52.635,92.318],[-77.77199999999999,11.546000000000001],[-75.699,5.435],[-19.433,-70.27199999999999],[3.869999999999999,-64.23500000000001],[76.413,-39.034000000000006]],"v":[[78.735,-34.708],[103.175,43.824],[103.625,47.302],[96.485,56.565],[-39.905,99.014],[-51.065,95.387],[-52.635,92.318],[-77.065,13.819],[-76.632,7.874],[-21.154,-67.958],[-14.138,-70.18],[74.435,-40.273]],"c":true}]},{"i":{"x":0.833,"y":0.833},"o":{"x":1,"y":0},"t":81,"s":[{"i":[[77.977,-37.111],[103.175,43.824],[103.675,46.16],[100.685,55.257],[-39.905,99.014],[-48.565,98.739],[-52.275,93.454],[-77.065,13.819],[-77.42,9.933],[-32.509,-52.695],[-16.872,-71.08200000000001],[72.32600000000001,-41.594]],"o":[[78.735,-34.708],[103.535,44.980999999999995],[103.445,51.464],[96.485,56.565],[-44.125,100.329],[-51.745,94.484],[-52.635,92.318],[-77.77199999999999,11.546000000000001],[-75.699,5.435],[-19.433,-70.27199999999999],[3.869999999999999,-64.23500000000001],[76.413,-39.034000000000006]],"v":[[78.735,-34.708],[103.175,43.824],[103.625,47.302],[96.485,56.565],[-39.905,99.014],[-51.065,95.387],[-52.635,92.318],[-77.065,13.819],[-76.632,7.874],[-21.154,-67.958],[-14.138,-70.18],[74.435,-40.273]],"c":true}]},{"i":{"x":0.833,"y":0.833},"o":{"x":0.167,"y":0.167},"t":88,"s":[{"i":[[77.977,-37.111],[103.175,43.824],[103.675,46.16],[100.685,55.257],[-39.905,99.014],[-48.565,98.739],[-52.275,93.454],[-77.065,13.819],[-77.42,9.933],[-25.417,-25.585],[-6.732,-34.186],[72.32600000000001,-41.594]],"o":[[78.735,-34.708],[103.535,44.980999999999995],[103.445,51.464],[96.485,56.565],[-44.125,100.329],[-51.745,94.484],[-52.635,92.318],[-77.77199999999999,11.546000000000001],[-75.699,5.435],[-9.296,-33.384],[11.008,-36.974],[76.413,-39.034000000000006]],"v":[[78.735,-34.708],[103.175,43.824],[103.625,47.302],[96.485,56.565],[-39.905,99.014],[-51.065,95.387],[-52.635,92.318],[-77.065,13.819],[-76.632,7.874],[-11.418,-32.357],[-4.394,-34.553],[74.435,-40.273]],"c":true}]},{"i":{"x":0.833,"y":0.833},"o":{"x":0.167,"y":0.167},"t":89,"s":[{"i":[[77.977,-37.111],[103.175,43.824],[103.675,46.16],[100.685,55.257],[-39.905,99.014],[-48.565,98.739],[-52.275,93.454],[-77.065,13.819],[-77.42,9.933],[-21.425,-10.036],[-2.1750000000000003,-16.819999999999997],[72.32600000000001,-41.594]],"o":[[78.735,-34.708],[103.535,44.980999999999995],[103.445,51.464],[96.485,56.565],[-44.125,100.329],[-51.745,94.484],[-52.635,92.318],[-77.77199999999999,11.546000000000001],[-75.699,5.435],[-4.7379999999999995,-16.02],[15.009,-21.397],[76.413,-39.034000000000006]],"v":[[78.735,-34.708],[103.175,43.824],[103.625,47.302],[96.485,56.565],[-39.905,99.014],[-51.065,95.387],[-52.635,92.318],[-77.065,13.819],[-76.632,7.874],[-6.935,-15.232],[0.09,-17.423],[74.435,-40.273]],"c":true}]},{"i":{"x":0.833,"y":0.833},"o":{"x":0.167,"y":0.167},"t":111,"s":[{"i":[[77.977,-37.111],[103.175,43.824],[103.675,46.16],[100.685,55.257],[-39.905,99.014],[-48.565,98.739],[-52.275,93.454],[-77.065,13.819],[-77.42,9.933],[-21.425,-10.036],[-2.1750000000000003,-16.819999999999997],[72.32600000000001,-41.594]],"o":[[78.735,-34.708],[103.535,44.980999999999995],[103.445,51.464],[96.485,56.565],[-44.125,100.329],[-51.745,94.484],[-52.635,92.318],[-77.77199999999999,11.546000000000001],[-75.699,5.435],[-4.7379999999999995,-16.02],[15.009,-21.397],[76.413,-39.034000000000006]],"v":[[78.735,-34.708],[103.175,43.824],[103.625,47.302],[96.485,56.565],[-39.905,99.014],[-51.065,95.387],[-52.635,92.318],[-77.065,13.819],[-76.632,7.874],[-6.935,-15.232],[0.09,-17.423],[74.435,-40.273]],"c":true}]},{"i":{"x":0,"y":1},"o":{"x":0.167,"y":0.167},"t":112,"s":[{"i":[[77.977,-37.111],[103.175,43.824],[103.675,46.16],[100.685,55.257],[-39.905,99.014],[-48.565,98.739],[-52.275,93.454],[-77.065,13.819],[-77.42,9.933],[-25.417,-25.585],[-6.732,-34.186],[72.32600000000001,-41.594]],"o":[[78.735,-34.708],[103.535,44.980999999999995],[103.445,51.464],[96.485,56.565],[-44.125,100.329],[-51.745,94.484],[-52.635,92.318],[-77.77199999999999,11.546000000000001],[-75.699,5.435],[-9.296,-33.384],[11.008,-36.974],[76.413,-39.034000000000006]],"v":[[78.735,-34.708],[103.175,43.824],[103.625,47.302],[96.485,56.565],[-39.905,99.014],[-51.065,95.387],[-52.635,92.318],[-77.065,13.819],[-76.632,7.874],[-11.418,-32.357],[-4.394,-34.553],[74.435,-40.273]],"c":true}]},{"i":{"x":0,"y":1},"o":{"x":0.333,"y":0},"t":119,"s":[{"i":[[77.977,-37.111],[103.175,43.824],[103.675,46.16],[100.685,55.257],[-39.905,99.014],[-48.565,98.739],[-52.275,93.454],[-77.065,13.819],[-77.42,9.933],[-32.509,-52.695],[-16.872,-71.08200000000001],[72.32600000000001,-41.594]],"o":[[78.735,-34.708],[103.535,44.980999999999995],[103.445,51.464],[96.485,56.565],[-44.125,100.329],[-51.745,94.484],[-52.635,92.318],[-77.77199999999999,11.546000000000001],[-75.699,5.435],[-19.433,-70.27199999999999],[3.869999999999999,-64.23500000000001],[76.413,-39.034000000000006]],"v":[[78.735,-34.708],[103.175,43.824],[103.625,47.302],[96.485,56.565],[-39.905,99.014],[-51.065,95.387],[-52.635,92.318],[-77.065,13.819],[-76.632,7.874],[-21.154,-67.958],[-14.138,-70.18],[74.435,-40.273]],"c":true}]},{"i":{"x":0.833,"y":0.833},"o":{"x":1,"y":0},"t":182,"s":[{"i":[[77.977,-37.111],[103.175,43.824],[103.675,46.16],[100.685,55.257],[-39.905,99.014],[-48.565,98.739],[-52.275,93.454],[-77.065,13.819],[-77.42,9.933],[-32.509,-52.695],[-16.872,-71.08200000000001],[72.32600000000001,-41.594]],"o":[[78.735,-34.708],[103.535,44.980999999999995],[103.445,51.464],[96.485,56.565],[-44.125,100.329],[-51.745,94.484],[-52.635,92.318],[-77.77199999999999,11.546000000000001],[-75.699,5.435],[-19.433,-70.27199999999999],[3.869999999999999,-64.23500000000001],[76.413,-39.034000000000006]],"v":[[78.735,-34.708],[103.175,43.824],[103.625,47.302],[96.485,56.565],[-39.905,99.014],[-51.065,95.387],[-52.635,92.318],[-77.065,13.819],[-76.632,7.874],[-21.154,-67.958],[-14.138,-70.18],[74.435,-40.273]],"c":true}]},{"i":{"x":0.833,"y":0.833},"o":{"x":0.167,"y":0.167},"t":189,"s":[{"i":[[77.977,-37.111],[103.175,43.824],[103.675,46.16],[100.685,55.257],[-39.905,99.014],[-48.565,98.739],[-52.275,93.454],[-77.065,13.819],[-77.42,9.933],[-25.417,-25.585],[-6.732,-34.186],[72.32600000000001,-41.594]],"o":[[78.735,-34.708],[103.535,44.980999999999995],[103.445,51.464],[96.485,56.565],[-44.125,100.329],[-51.745,94.484],[-52.635,92.318],[-77.77199999999999,11.546000000000001],[-75.699,5.435],[-9.296,-33.384],[11.008,-36.974],[76.413,-39.034000000000006]],"v":[[78.735,-34.708],[103.175,43.824],[103.625,47.302],[96.485,56.565],[-39.905,99.014],[-51.065,95.387],[-52.635,92.318],[-77.065,13.819],[-76.632,7.874],[-11.418,-32.357],[-4.394,-34.553],[74.435,-40.273]],"c":true}]},{"t":190,"s":[{"i":[[77.977,-37.111],[103.175,43.824],[103.675,46.16],[100.685,55.257],[-39.905,99.014],[-48.565,98.739],[-52.275,93.454],[-77.065,13.819],[-77.42,9.933],[-21.425,-10.036],[-2.1750000000000003,-16.819999999999997],[72.32600000000001,-41.594]],"o":[[78.735,-34.708],[103.535,44.980999999999995],[103.445,51.464],[96.485,56.565],[-44.125,100.329],[-51.745,94.484],[-52.635,92.318],[-77.77199999999999,11.546000000000001],[-75.699,5.435],[-4.7379999999999995,-16.02],[15.009,-21.397],[76.413,-39.034000000000006]],"v":[[78.735,-34.708],[103.175,43.824],[103.625,47.302],[96.485,56.565],[-39.905,99.014],[-51.065,95.387],[-52.635,92.318],[-77.065,13.819],[-76.632,7.874],[-6.935,-15.232],[0.09,-17.423],[74.435,-40.273]],"c":true}]}],"ix":2},"nm":"Path 4","mn":"ADBE Vector Shape - Group","hd":false,"_render":true},{"ty":"fl","c":{"a":0,"k":[0.839,0.5001,0.241,1],"ix":4},"o":{"a":0,"k":100,"ix":5},"r":1,"bm":0,"nm":"Fill 3","mn":"ADBE Vector Graphic - Fill","hd":false,"_render":true},{"ty":"tr","p":{"a":0,"k":[1801.139,934.164],"ix":2},"a":{"a":0,"k":[0,0],"ix":1},"s":{"a":0,"k":[594,594],"ix":3},"r":{"a":0,"k":17.3,"ix":6},"o":{"a":0,"k":100,"ix":7},"sk":{"a":0,"k":0,"ix":4},"sa":{"a":0,"k":0,"ix":5},"nm":"Transform","_render":true}],"nm":"back 2","np":2,"cix":2,"bm":0,"ix":3,"mn":"ADBE Vector Group","hd":false,"_render":true},{"ty":"gr","it":[{"ind":0,"ty":"sh","ix":1,"ks":{"a":0,"k":{"i":[[77.977,-37.111],[103.175,43.824],[103.675,46.16],[100.685,55.257],[-39.905,99.014],[-48.565,98.739],[-52.275,93.454],[-77.065,13.819],[-77.42,9.933],[-21.425,-10.036],[-2.1750000000000003,-16.819999999999997],[72.32600000000001,-41.594]],"o":[[78.735,-34.708],[103.535,44.980999999999995],[103.445,51.464],[96.485,56.565],[-44.125,100.329],[-51.745,94.484],[-52.635,92.318],[-77.77199999999999,11.546000000000001],[-75.699,5.435],[-4.7379999999999995,-16.02],[15.009,-21.397],[76.413,-39.034000000000006]],"v":[[78.735,-34.708],[103.175,43.824],[103.625,47.302],[96.485,56.565],[-39.905,99.014],[-51.065,95.387],[-52.635,92.318],[-77.065,13.819],[-76.632,7.874],[-6.935,-15.232],[0.09,-17.423],[74.435,-40.273]],"c":true},"ix":2},"nm":"Path 5","mn":"ADBE Vector Shape - Group","hd":false,"_render":true},{"ty":"fl","c":{"a":0,"k":[0.3444,0.4326,0.4956,1],"ix":4},"o":{"a":0,"k":20,"ix":5},"r":1,"bm":0,"nm":"Fill 4","mn":"ADBE Vector Graphic - Fill","hd":false,"_render":true},{"ty":"tr","p":{"a":0,"k":[1785.139,947.164],"ix":2},"a":{"a":0,"k":[0,0],"ix":1},"s":{"a":0,"k":[594,594],"ix":3},"r":{"a":0,"k":17.3,"ix":6},"o":{"a":0,"k":100,"ix":7},"sk":{"a":0,"k":0,"ix":4},"sa":{"a":0,"k":0,"ix":5},"nm":"Transform","_render":true}],"nm":"back","np":2,"cix":2,"bm":0,"ix":4,"mn":"ADBE Vector Group","hd":false,"_render":true}],"ip":0,"op":204,"st":-23,"bm":0,"completed":true},{"ddd":0,"ind":10,"ty":4,"nm":"Shape Layer 1","sr":1,"ks":{"o":{"a":0,"k":100,"ix":11},"r":{"a":0,"k":0,"ix":10},"p":{"a":0,"k":[480,540,0],"ix":2},"a":{"a":0,"k":[0,0,0],"ix":1},"s":{"a":0,"k":[91,91.91,100],"ix":6}},"ao":0,"shapes":[{"ty":"gr","it":[{"ind":0,"ty":"sh","ix":1,"ks":{"a":1,"k":[{"i":{"x":0.833,"y":0.833},"o":{"x":0.167,"y":0.167},"t":0,"s":[{"i":[[-252.546,-340.128],[428,-287],[174.136,403],[-328.373,212.319]],"o":[[176,-461],[347.177,210.236],[-230.136,403],[-446,-249]],"v":[[-58,-395],[382,-4],[-28,403],[-382,2]],"c":true}]},{"i":{"x":0.833,"y":0.833},"o":{"x":0.167,"y":0.167},"t":50,"s":[{"i":[[-287.9,-401.231],[462,-257],[170.441,330.527],[-414.055,240.957]],"o":[[162,-423],[381.177,240.236],[-224,407],[-338,-303]],"v":[[-86,-411],[416,26],[-28,369],[-384,26]],"c":true}]},{"i":{"x":0.833,"y":0.833},"o":{"x":0.167,"y":0.167},"t":99,"s":[{"i":[[-275.571,-340.844],[374,-243],[124.441,270.527],[-430,185.048]],"o":[[168,-505],[466.213,347.602],[-270,347],[-430,-297]],"v":[[-86,-411],[416,26],[-74,309],[-430,-32]],"c":true}]},{"i":{"x":0.833,"y":0.833},"o":{"x":0.167,"y":0.167},"t":150,"s":[{"i":[[-311.44000000000005,-360.67999999999995],[397.32000000000005,-259.6],[138,371],[-303.03999999999996,271.67999999999995]],"o":[[216.00000000000003,-409],[364,385],[-255.02599999999998,322.392],[-456,-240.99999999999997]],"v":[[-47.72,-384.84],[380.66,62.7],[-56.54,346.94],[-379.52,15.34]],"c":true}]},{"t":199,"s":[{"i":[[-252.546,-340.128],[428,-287],[174.136,403],[-328.373,212.319]],"o":[[176,-461],[347.177,210.236],[-230.136,403],[-446,-249]],"v":[[-58,-395],[382,-4],[-28,403],[-382,2]],"c":true}]}],"ix":2},"nm":"Path 1","mn":"ADBE Vector Shape - Group","hd":false,"_render":true},{"ty":"fl","c":{"a":0,"k":[0.76,0.76,0.76,1],"ix":4},"o":{"a":0,"k":20,"ix":5},"r":1,"bm":0,"nm":"Fill 1","mn":"ADBE Vector Graphic - Fill","hd":false,"_render":true},{"ty":"tr","p":{"a":0,"k":[2,-19],"ix":2},"a":{"a":0,"k":[0,0],"ix":1},"s":{"a":0,"k":[100,100],"ix":3},"r":{"a":0,"k":0,"ix":6},"o":{"a":0,"k":100,"ix":7},"sk":{"a":0,"k":0,"ix":4},"sa":{"a":0,"k":0,"ix":5},"nm":"Transform","_render":true}],"nm":"Ellipse 3","np":2,"cix":2,"bm":0,"ix":1,"mn":"ADBE Vector Group","hd":false,"_render":true},{"ty":"gr","it":[{"ind":0,"ty":"sh","ix":1,"ks":{"a":1,"k":[{"i":{"x":0.833,"y":0.833},"o":{"x":0.167,"y":0.167},"t":0,"s":[{"i":[[-252.546,-340.128],[428,-287],[174.136,403],[-328.373,212.319]],"o":[[176,-461],[347.177,210.236],[-230.136,403],[-446,-249]],"v":[[-58,-395],[382,-4],[-28,403],[-382,2]],"c":true}]},{"i":{"x":0.833,"y":0.833},"o":{"x":0.167,"y":0.167},"t":50,"s":[{"i":[[-287.9,-401.231],[462,-257],[170.441,330.527],[-414.055,240.957]],"o":[[162,-423],[381.177,240.236],[-224,407],[-338,-303]],"v":[[-86,-411],[416,26],[-28,369],[-384,26]],"c":true}]},{"i":{"x":0.833,"y":0.833},"o":{"x":0.167,"y":0.167},"t":99,"s":[{"i":[[-275.571,-340.844],[374,-243],[124.441,270.527],[-430,185.048]],"o":[[168,-505],[466.213,347.602],[-270,347],[-430,-297]],"v":[[-86,-411],[416,26],[-74,309],[-430,-32]],"c":true}]},{"i":{"x":0.833,"y":0.833},"o":{"x":0.167,"y":0.167},"t":150,"s":[{"i":[[-311.44000000000005,-360.67999999999995],[397.32000000000005,-259.6],[138,371],[-303.03999999999996,271.67999999999995]],"o":[[216.00000000000003,-409],[364,385],[-255.02599999999998,322.392],[-456,-240.99999999999997]],"v":[[-47.72,-384.84],[380.66,62.7],[-56.54,346.94],[-379.52,15.34]],"c":true}]},{"t":199,"s":[{"i":[[-252.546,-340.128],[428,-287],[174.136,403],[-328.373,212.319]],"o":[[176,-461],[347.177,210.236],[-230.136,403],[-446,-249]],"v":[[-58,-395],[382,-4],[-28,403],[-382,2]],"c":true}]}],"ix":2},"nm":"Path 1","mn":"ADBE Vector Shape - Group","hd":false,"_render":true},{"ty":"fl","c":{"a":0,"k":[0.81,0.81,0.81,1],"ix":4},"o":{"a":0,"k":15,"ix":5},"r":1,"bm":0,"nm":"Fill 1","mn":"ADBE Vector Graphic - Fill","hd":false,"_render":true},{"ty":"tr","p":{"a":0,"k":[2,-75],"ix":2},"a":{"a":0,"k":[0,0],"ix":1},"s":{"a":0,"k":[112,112],"ix":3},"r":{"a":0,"k":-174,"ix":6},"o":{"a":0,"k":100,"ix":7},"sk":{"a":0,"k":0,"ix":4},"sa":{"a":0,"k":0,"ix":5},"nm":"Transform","_render":true}],"nm":"Ellipse 2","np":2,"cix":2,"bm":0,"ix":2,"mn":"ADBE Vector Group","hd":false,"_render":true}],"ip":0,"op":200,"st":0,"bm":0,"completed":true}],"markers":[],"__complete":true}